,1.0,1.0.1,1.0.2,1.0.3,1.0.4,1.1,1.1.1,1.1.2,1.1.3,1.1.3.1,1.1.4,1.10.0,1.10.1,1.10.2,1.11.0,1.11.1,1.11.2,1.11.3,1.12.0,1.12.1,1.12.2,1.12.3,1.12.4,1.2,1.2.1,1.2.2,1.2.3,1.2.4,1.2.5,1.2.6,1.3,1.3.0,1.3.1,1.3.2,1.4,1.4.0,1.4.1,1.4.2,1.4.3,1.4.4,1.5,1.5.0,1.5.1,1.5.2,1.6,1.6.0,1.6.1,1.6.2,1.6.3,1.6.4,1.7,1.7.0,1.7.1,1.7.2,1.8.0,1.8.1,1.8.2,1.8.3,1.9.0,1.9.1,2.0.0,2.0.1,2.0.2,2.0.3,2.1.0,2.1.1,2.1.2,2.1.3,2.1.4,2.2.0,2.2.1,2.2.2,2.2.3,2.2.4,3.0.0,3.1.0,3.1.1,3.2.0,3.2.1,3.3.0,3.3.1,3.4.0,3.4.1
1.0,,4921,4353,4295,4066,868,868,868,496,356,326,3,3,3,3,3,3,3,3,3,3,3,3,165,165,99,80,106,106,106,34,34,34,34,43,43,43,,3,3,,,,,,,,,,,,,,,,,,,3,3,3,3,3,3,3,3,3,3,3,3,3,3,3,3,3,3,3,3,3,3,3,3,3
1.0.1,4921,,4353,4295,4066,868,868,868,496,356,326,3,3,3,3,3,3,3,3,3,3,3,3,165,165,99,80,106,106,106,34,34,34,34,43,43,43,,3,3,,,,,,,,,,,,,,,,,,,3,3,3,3,3,3,3,3,3,3,3,3,3,3,3,3,3,3,3,3,3,3,3,3,3
1.0.2,5109,5109,,5594,4892,1097,1097,1097,632,475,445,3,3,3,3,3,3,3,3,3,3,3,3,189,189,116,97,123,123,123,47,47,47,47,43,43,43,,7,7,4,4,4,4,4,4,4,4,4,4,4,4,4,4,4,4,4,4,3,3,3,3,3,3,3,3,3,3,3,3,3,3,3,3,3,3,3,3,3,3,3,3,3
1.0.3,5115,5115,5698,,5287,1282,1282,1288,773,606,454,3,3,3,3,3,3,3,3,3,3,3,3,189,189,116,97,123,123,123,47,47,47,47,43,43,43,,3,3,,,,,,,,,,,,,,,,,,,3,3,3,3,3,3,3,3,3,3,3,3,3,3,3,3,3,3,3,3,3,3,3,3,3
1.0.4,4394,4394,4612,4898,,1996,1992,1996,1746,1554,488,10,10,10,10,10,10,10,10,10,10,10,10,212,212,139,120,143,143,143,67,67,67,67,50,50,50,7,10,10,7,7,7,7,7,7,7,7,7,7,7,7,7,7,7,7,7,7,10,10,10,10,10,10,10,10,10,10,10,10,10,10,10,10,10,10,10,10,10,10,10,10,10
1.1,963,963,1004,1153,2039,,4349,4265,2876,2810,1622,149,149,149,149,149,149,149,149,149,149,149,149,718,718,625,606,540,540,530,282,282,282,277,165,165,165,160,160,160,157,157,157,157,157,157,157,157,157,157,155,155,155,155,146,146,146,146,149,149,150,149,149,149,149,149,149,149,149,149,149,149,149,149,149,149,149,149,149,144,144,144,144
1.1.1,963,963,1004,1153,2038,4369,,4398,2943,2877,1705,189,189,189,189,189,189,189,189,189,189,189,189,807,807,715,692,617,617,607,330,330,330,325,205,205,205,200,200,200,197,197,197,197,197,197,197,197,197,197,195,195,195,195,186,186,186,186,189,189,190,189,189,189,189,189,189,189,189,189,189,189,189,189,189,189,189,149,149,144,144,144,144
1.1.2,954,954,995,1152,2081,4383,4495,,3051,2986,1745,188,188,188,188,188,188,188,188,188,188,188,188,831,831,739,716,624,624,614,329,329,329,324,204,204,204,199,199,199,196,196,196,196,196,196,196,196,196,196,194,194,194,194,185,185,185,185,188,188,189,188,188,188,188,188,188,188,188,188,188,188,188,188,188,188,188,149,149,144,144,144,144
1.1.3,556,556,602,708,1872,3007,3063,3103,,4171,2844,181,181,181,181,181,181,181,181,181,181,181,181,1288,1288,1021,989,839,839,829,479,479,479,470,257,257,257,252,252,252,233,233,233,233,216,216,216,216,216,216,211,211,211,195,178,178,178,178,181,181,183,181,181,181,181,181,181,181,181,181,181,181,181,181,181,181,181,142,142,138,138,138,138
1.1.3.1,449,449,495,601,1765,2963,3020,3061,4186,,2870,181,181,181,181,181,181,181,181,181,181,181,181,1307,1307,1041,1009,851,851,849,491,491,491,482,257,257,257,252,252,252,233,233,233,233,216,216,216,216,216,216,211,211,211,195,178,178,178,178,181,181,183,181,181,181,181,181,181,181,181,181,181,181,181,181,181,181,181,142,142,138,138,138,138
1.1.4,426,426,473,473,505,1663,1753,1781,3229,3244,,190,190,190,190,190,190,190,190,190,190,190,190,2206,2139,1292,1269,992,992,982,582,582,575,566,271,271,271,264,266,263,242,242,242,242,225,225,225,225,225,225,220,220,220,204,187,187,187,187,190,190,192,190,190,190,190,190,190,190,190,190,190,190,190,190,190,190,190,142,142,138,138,138,138
1.10.0,6,6,6,6,20,88,110,110,96,96,96,,15239,15074,10556,10488,10488,10488,8904,8888,8888,8888,8888,124,132,146,160,166,166,166,196,196,196,196,892,892,892,920,1266,1345,2142,2142,2408,2424,2716,2716,2764,2802,3028,3028,4817,4817,4829,5138,7454,7548,7952,8071,12083,12382,10976,11601,11537,11368,8374,8258,8182,8182,8182,6816,6800,6818,6818,6818,5760,5760,5838,5768,5754,5238,5238,5128,5128
1.10.1,6,6,6,6,20,88,110,110,96,96,96,15253,,15130,10560,10492,10492,10492,8908,8892,8892,8892,8892,124,132,146,160,166,166,166,196,196,196,196,892,892,892,920,1266,1345,2142,2142,2408,2424,2716,2716,2764,2802,3028,3028,4817,4817,4829,5138,7458,7552,7956,8075,12061,12360,10954,11575,11593,11424,8378,8262,8186,8186,8186,6820,6804,6822,6822,6822,5764,5764,5842,5772,5758,5242,5242,5132,5132
1.10.2,6,6,6,6,20,88,110,110,96,96,96,15071,15113,,10634,10566,10566,10566,8982,8966,8966,8966,8966,124,132,146,160,166,166,166,196,196,196,196,878,878,878,906,1252,1331,2128,2128,2394,2410,2702,2702,2750,2764,2990,2990,4779,4779,4791,5100,7398,7492,7896,8015,11963,12262,10849,11387,11405,11648,8452,8336,8260,8260,8260,6894,6878,6896,6896,6896,5838,5838,5916,5846,5832,5296,5296,5186,5186
1.11.0,3,3,3,3,10,44,55,55,48,48,48,5259,5259,5295,,6415,6415,6415,5082,5074,5074,5074,5074,62,66,73,85,88,88,88,103,103,103,103,375,375,375,386,520,555,894,894,984,992,1111,1111,1135,1148,1261,1261,2099,2099,2123,2237,3246,3270,3272,3302,4749,4813,4201,4256,4251,4287,4677,4592,4537,4537,4537,3651,3643,3652,3652,3652,3078,3078,3109,3081,3074,2800,2800,2737,2737
1.11.1,3,3,3,3,10,44,55,55,48,48,48,5215,5215,5251,6407,,6691,6691,5322,5314,5314,5314,5314,62,66,73,85,88,88,88,98,98,98,98,370,370,370,381,515,549,888,888,978,986,1105,1105,1129,1142,1255,1255,2105,2105,2130,2244,3198,3222,3225,3255,4710,4773,4152,4205,4200,4236,4607,4728,4660,4660,4660,3739,3731,3740,3740,3740,3079,3079,3110,3082,3075,2804,2804,2741,2741
1.11.2,3,3,3,3,10,44,55,55,48,48,48,5216,5216,5252,6408,6692,,6714,5323,5315,5315,5315,5315,62,66,73,85,88,88,88,98,98,98,98,370,370,370,381,515,549,888,888,978,986,1105,1105,1129,1142,1255,1255,2105,2105,2130,2244,3198,3222,3225,3255,4711,4774,4153,4206,4201,4237,4608,4716,4684,4684,4684,3739,3731,3740,3740,3740,3079,3079,3110,3082,3075,2804,2804,2741,2741
1.11.3,3,3,3,3,10,44,55,55,48,48,48,5216,5216,5252,6413,6697,6719,,5323,5315,5315,5315,5315,62,66,73,85,88,88,88,98,98,98,98,370,370,370,381,515,549,888,888,978,986,1105,1105,1129,1142,1255,1255,2105,2105,2130,2244,3198,3222,3225,3255,4711,4774,4153,4206,4201,4237,4608,4716,4684,4684,4684,3739,3731,3740,3740,3740,3079,3079,3110,3082,3075,2804,2804,2741,2741
1.12.0,3,3,3,3,10,52,62,62,55,55,55,4718,4718,4756,5370,5615,5615,5615,,7403,7381,7339,7306,69,73,92,104,101,101,101,112,112,112,112,358,358,358,370,520,554,898,898,984,992,1124,1124,1152,1164,1265,1265,1647,1647,1705,1830,2687,2714,2723,2753,4137,4201,3710,3799,3794,3832,3976,4037,4010,4010,4010,4688,4636,4645,4616,4583,3801,3801,3949,3860,3860,3554,3554,3491,3491
1.12.1,3,3,3,3,10,52,62,62,55,55,55,4705,4705,4743,5357,5602,5602,5602,7402,,7406,7364,7331,69,73,92,104,101,101,101,112,112,112,112,358,358,358,370,520,554,898,898,984,992,1124,1124,1152,1164,1265,1265,1647,1647,1705,1830,2685,2700,2709,2739,4124,4188,3697,3786,3781,3819,3963,4024,3997,3997,3997,4634,4660,4669,4640,4607,3803,3803,3951,3862,3862,3556,3556,3504,3504
1.12.2,3,3,3,3,10,52,62,62,55,55,55,4709,4709,4747,5361,5606,5606,5606,7384,7410,,7400,7367,69,73,92,104,101,101,101,112,112,112,112,365,365,365,377,527,561,905,905,991,999,1131,1131,1159,1171,1272,1272,1654,1654,1712,1837,2692,2707,2716,2746,4128,4192,3694,3783,3778,3816,3960,4021,3994,3994,3994,4631,4657,4705,4676,4643,3842,3842,3951,3862,3862,3556,3556,3504,3504
1.12.3,3,3,3,3,10,52,62,62,55,55,55,4709,4709,4747,5361,5606,5606,5606,7342,7368,7400,,7396,69,73,92,104,101,101,101,112,112,112,112,365,365,365,377,527,561,905,905,991,999,1131,1131,1159,1171,1272,1272,1654,1654,1712,1837,2692,2707,2716,2746,4128,4192,3694,3783,3778,3816,3960,4021,3994,3994,3994,4602,4628,4676,4705,4672,3861,3861,3970,3881,3881,3580,3580,3528,3528
1.12.4,3,3,3,3,10,52,62,62,55,55,55,4709,4709,4747,5361,5606,5606,5606,7310,7336,7368,7397,,69,73,92,104,101,101,101,112,112,112,112,365,365,365,377,527,561,905,905,991,999,1131,1131,1159,1171,1272,1272,1654,1654,1712,1837,2692,2707,2716,2746,4128,4192,3694,3783,3778,3816,3960,4021,3994,3994,3994,4569,4595,4643,4672,4672,3861,3861,3970,3881,3881,3580,3580,3528,3528
1.2,174,174,196,196,231,599,672,703,1086,1106,1628,74,74,74,74,74,74,74,74,74,74,74,74,,2487,1651,1628,1313,1313,1308,648,648,641,620,312,312,318,309,311,308,268,268,268,268,254,254,246,246,246,246,183,183,183,167,74,74,74,74,74,74,76,74,74,74,74,74,74,74,74,74,74,74,74,74,74,74,68,49,49,45,45,45,45
1.2.1,174,174,196,196,231,599,672,703,1086,1106,1585,78,78,78,78,78,78,78,78,78,78,78,78,2485,,1720,1697,1355,1355,1350,702,702,695,663,320,320,326,317,320,317,277,277,268,268,254,254,246,246,246,246,183,183,183,167,78,78,78,78,78,78,80,78,78,78,78,78,78,78,78,78,78,78,78,78,74,74,72,53,53,45,45,45,45
1.2.2,121,121,135,135,170,521,600,638,869,889,1094,92,92,92,92,92,92,92,92,92,92,92,92,1727,1800,,2977,1955,1955,1948,946,946,943,863,376,376,382,362,376,373,314,314,305,305,288,288,280,284,284,284,213,213,209,193,92,92,92,92,92,92,94,92,92,92,91,91,91,91,91,91,91,91,91,91,89,89,83,57,57,53,53,53,53
1.2.3,200,200,228,228,298,988,1138,1214,1660,1700,2128,176,176,176,178,178,178,178,178,178,178,178,178,3394,3540,5966,,4222,4222,4216,1938,1938,1932,1768,778,778,790,740,744,738,620,620,602,602,568,568,552,560,560,560,418,418,410,378,176,176,176,176,176,176,180,176,172,172,172,172,172,172,172,172,172,172,172,172,168,168,156,104,104,96,96,96,96
1.2.4,93,93,107,107,138,432,501,505,709,721,822,93,93,93,94,94,94,94,94,94,94,94,94,1366,1412,1953,2115,,3379,3278,1176,1176,1154,1088,417,417,423,403,400,397,338,338,329,329,292,292,284,288,288,288,217,217,213,193,93,93,93,93,93,93,93,93,91,91,91,91,91,91,91,91,91,91,91,91,89,89,83,55,55,49,49,49,49
1.2.5,93,93,107,107,138,432,501,505,709,721,822,93,93,93,94,94,94,94,94,94,94,94,94,1366,1412,1953,2115,3379,,3278,1176,1176,1154,1088,417,417,423,403,400,397,338,338,329,329,292,292,284,288,288,288,217,217,213,193,93,93,93,93,93,93,93,93,91,91,91,91,91,91,91,91,91,91,91,91,89,89,83,55,55,49,49,49,49
1.2.6,186,186,214,214,276,850,988,996,1404,1444,1630,186,186,186,188,188,188,188,188,188,188,188,188,2718,2810,3892,4224,6555,6555,,2432,2432,2388,2256,834,834,846,806,800,794,676,676,658,658,584,584,568,576,576,576,434,434,426,386,186,186,186,186,186,186,186,186,182,182,182,182,182,182,182,182,182,182,182,182,178,178,166,110,110,98,98,98,98
1.3,76,76,104,104,166,372,454,454,648,672,774,226,226,226,236,226,226,226,226,226,226,226,226,1372,1516,1914,1996,2406,2406,2486,,8090,7870,7446,1964,1964,1976,1804,1822,1756,1528,1528,1510,1496,1314,1314,1276,1284,1284,1284,1094,1094,1068,996,294,288,298,298,226,226,226,226,222,222,230,220,220,220,220,220,220,220,220,220,210,210,198,140,140,128,128,138,138
1.3.0,76,76,104,104,166,372,454,454,648,672,774,226,226,226,236,226,226,226,226,226,226,226,226,1372,1516,1914,1996,2406,2406,2486,8090,,7870,7446,1964,1964,1976,1804,1822,1756,1528,1528,1510,1496,1314,1314,1276,1284,1284,1284,1094,1094,1068,996,294,288,298,298,226,226,226,226,222,222,230,220,220,220,220,220,220,220,220,220,210,210,198,140,140,128,128,138,138
1.3.1,76,76,104,104,166,372,454,454,648,672,762,226,226,226,236,226,226,226,226,226,226,226,226,1352,1496,1904,1986,2358,2358,2438,7892,7892,,7636,2186,2186,2198,2004,1996,1966,1738,1738,1720,1706,1474,1474,1436,1444,1444,1444,1260,1260,1234,1162,294,288,298,298,226,226,226,226,222,222,230,220,220,220,220,220,220,220,220,220,210,210,198,140,140,128,128,138,138
1.3.2,76,76,104,104,166,364,442,442,620,644,734,222,222,222,232,222,222,222,222,222,222,222,222,1302,1394,1726,1788,2194,2194,2274,7672,7672,7840,,2426,2426,2438,2262,2242,2176,1946,1946,1928,1914,1682,1682,1644,1644,1644,1644,1426,1426,1408,1336,316,310,308,308,222,222,222,222,218,218,238,228,228,228,228,216,216,216,216,216,206,206,194,140,140,128,128,138,138
1.4,28,28,28,28,56,132,190,190,283,283,293,826,826,812,750,736,736,736,672,672,672,672,672,633,653,749,795,855,855,855,1792,1792,1908,2053,,10271,9027,7017,4909,4907,4415,4415,4411,4397,3560,3560,3520,3432,3400,3400,2964,2964,2920,2678,1403,1389,1382,1382,886,886,664,668,658,644,572,558,558,558,558,536,536,552,552,552,506,506,468,410,410,382,382,396,396
1.4.0,28,28,28,28,56,132,190,190,283,283,293,826,826,812,750,736,736,736,672,672,672,672,672,633,653,749,795,855,855,855,1792,1792,1908,2053,10271,,9027,7017,4909,4907,4415,4415,4411,4397,3560,3560,3520,3432,3400,3400,2964,2964,2920,2678,1403,1389,1382,1382,886,886,664,668,658,644,572,558,558,558,558,536,536,552,552,552,506,506,468,410,410,382,382,396,396
1.4.1,28,28,28,28,56,136,194,194,287,287,297,836,836,822,760,746,746,746,682,682,682,682,682,645,665,761,807,867,867,867,1806,1806,1922,2067,9147,9147,,7657,5287,5295,4639,4639,4717,4685,3730,3730,3690,3602,3570,3570,3128,3128,3084,2844,1421,1407,1400,1400,896,896,674,678,668,654,582,568,568,568,568,546,546,562,562,562,516,516,478,420,420,392,392,406,406
1.4.2,,,,,28,124,182,182,279,279,285,860,860,846,778,764,764,764,700,700,700,700,700,629,649,731,767,837,837,837,1632,1632,1737,1893,7089,7089,7687,,5512,5408,5012,5012,4930,4832,4253,4253,4213,4113,4081,4081,3307,3307,3235,2997,1529,1517,1510,1510,920,920,684,688,678,664,592,578,578,578,578,556,556,572,572,572,530,530,492,434,434,406,406,420,420
1.4.3,6,6,14,6,34,126,184,184,277,277,287,1182,1182,1168,1050,1036,1036,1036,972,972,972,972,972,621,639,741,755,807,807,807,1622,1622,1714,1851,5122,5122,5396,5603,,10852,9080,9080,8922,8893,7017,7017,6965,6802,6648,6648,5283,5283,5205,4663,2168,2107,2092,2090,1286,1286,942,946,936,922,836,822,822,822,822,800,800,816,816,816,768,768,714,656,656,634,634,580,580
1.4.4,6,6,14,6,34,126,184,184,281,281,285,1242,1242,1228,1110,1096,1096,1096,1024,1024,1024,1024,1024,627,645,747,761,815,815,815,1612,1612,1741,1870,5267,5267,5541,5636,11102,,9678,9678,9520,9491,7553,7553,7501,7296,7158,7158,5783,5783,5705,5017,2252,2181,2155,2153,1336,1336,994,998,988,974,888,874,874,874,874,848,848,864,864,864,810,810,756,698,698,676,676,622,622
1.5,,,8,,14,106,164,164,245,245,245,2038,2038,2024,1798,1784,1784,1784,1694,1694,1694,1694,1694,545,563,631,645,697,697,697,1388,1388,1517,1646,4765,4765,4977,5238,9401,9761,,13903,11885,11630,9690,9690,9638,9395,9135,9135,7534,7534,7384,6726,3244,3183,3147,3155,2118,2118,1708,1712,1702,1688,1510,1500,1500,1500,1500,1466,1466,1482,1482,1482,1378,1378,1320,1262,1262,1252,1252,1198,1198
1.5.0,,,8,,14,106,164,164,245,245,245,2038,2038,2024,1798,1784,1784,1784,1694,1694,1694,1694,1694,545,563,631,645,697,697,697,1388,1388,1517,1646,4765,4765,4977,5238,9401,9761,13903,,11885,11630,9690,9690,9638,9395,9135,9135,7534,7534,7384,6726,3244,3183,3147,3155,2118,2118,1708,1712,1702,1688,1510,1500,1500,1500,1500,1466,1466,1482,1482,1482,1378,1378,1320,1262,1262,1252,1252,1198,1198
1.5.1,,,8,,14,106,160,160,241,241,241,2298,2298,2284,1966,1952,1952,1952,1840,1840,1840,1840,1840,541,541,609,623,675,675,675,1366,1366,1495,1624,4763,4763,4939,5170,9224,9592,11904,11904,,13179,10648,10648,10596,10352,10052,10052,8264,8264,8134,7476,3736,3675,3611,3631,2440,2440,1820,1824,1814,1800,1620,1610,1588,1588,1588,1554,1554,1570,1570,1570,1456,1456,1398,1344,1344,1306,1306,1252,1252
1.5.2,,,8,,14,106,160,160,241,241,241,2318,2318,2304,1980,1970,1970,1970,1858,1858,1858,1858,1858,541,541,609,623,675,675,675,1348,1348,1477,1606,4769,4769,4927,5092,9234,9602,11660,11660,13203,,11082,11082,11030,10778,10478,10478,8364,8364,8234,7454,3758,3697,3633,3653,2460,2460,1842,1846,1836,1822,1634,1628,1606,1606,1606,1572,1572,1588,1588,1588,1468,1468,1410,1356,1356,1318,1318,1260,1260
1.6,,,8,,14,106,142,142,181,181,181,2614,2614,2600,2198,2188,2188,2188,2076,2076,2076,2076,2076,517,517,577,591,605,605,605,1150,1150,1247,1376,3773,3773,3807,4412,7348,7676,9768,9768,10694,11180,,14590,13680,13282,12816,12816,9862,9862,9694,8750,4460,4393,4329,4351,2844,2844,2036,2040,2030,2016,1772,1766,1744,1744,1744,1710,1710,1728,1728,1728,1610,1610,1550,1514,1500,1462,1462,1406,1406
1.6.0,,,8,,14,106,142,142,181,181,181,2614,2614,2600,2198,2188,2188,2188,2076,2076,2076,2076,2076,517,517,577,591,605,605,605,1150,1150,1247,1376,3773,3773,3807,4412,7348,7676,9768,9768,10694,11180,14590,,13680,13282,12816,12816,9862,9862,9694,8750,4460,4393,4329,4351,2844,2844,2036,2040,2030,2016,1772,1766,1744,1744,1744,1710,1710,1728,1728,1728,1610,1610,1550,1514,1500,1462,1462,1406,1406
1.6.1,,,8,,14,106,142,142,181,181,181,2664,2664,2650,2244,2234,2234,2234,2122,2122,2122,2122,2122,501,501,561,575,589,589,589,1110,1110,1207,1336,3737,3737,3771,4376,7306,7634,9726,9726,10652,11138,13674,13674,,13888,13074,13074,10140,10140,9844,8908,4626,4550,4486,4508,2928,2928,2068,2072,2062,2048,1800,1794,1772,1772,1772,1738,1738,1756,1756,1756,1638,1638,1578,1542,1528,1490,1490,1434,1434
1.6.2,,,8,,14,106,128,128,167,167,167,2738,2738,2698,2302,2292,2292,2292,2186,2186,2186,2186,2186,487,487,551,565,579,579,579,1100,1100,1197,1318,3625,3625,3659,4248,7131,7419,9501,9501,10427,10905,13315,13315,13927,,13575,13575,10557,10557,10163,9179,4846,4770,4630,4652,3002,3002,2120,2134,2124,2084,1836,1830,1808,1808,1808,1780,1780,1798,1798,1798,1680,1680,1620,1598,1584,1546,1546,1490,1490
1.6.3,,,8,,14,106,128,128,167,167,167,2978,2978,2938,2532,2522,2522,2522,2402,2402,2402,2402,2402,459,459,523,537,551,551,551,1072,1072,1169,1290,3563,3563,3597,4186,6951,7265,9237,9237,10113,10591,12853,12853,13101,13567,,14891,10411,10411,10013,9045,4720,4644,4580,4616,3164,3164,2268,2282,2272,2232,1988,1982,1960,1960,1960,1916,1916,1934,1934,1934,1816,1816,1756,1734,1720,1682,1682,1626,1626
1.6.4,,,8,,14,106,128,128,167,167,167,2982,2982,2942,2536,2526,2526,2526,2406,2406,2406,2406,2406,459,459,523,537,551,551,551,1072,1072,1169,1290,3563,3563,3597,4188,6953,7267,9239,9239,10115,10593,12855,12855,13105,13571,14895,,10415,10415,10017,9049,4724,4648,4584,4620,3168,3168,2268,2282,2272,2232,1988,1982,1960,1960,1960,1916,1916,1934,1934,1934,1816,1816,1756,1734,1720,1682,1682,1626,1626
1.7,,,8,,14,98,120,120,147,147,147,4834,4834,4794,4218,4228,4228,4228,3122,3122,3122,3122,3122,373,373,413,427,441,441,441,902,902,999,1113,3156,3156,3190,3449,5699,6019,7763,7763,8437,8535,10017,10017,10289,10657,10491,10491,,15518,14312,13076,7076,6994,6808,6838,5184,5172,3822,3798,3788,3748,3414,3416,3394,3394,3394,2338,2338,2356,2356,2356,2118,2118,2086,2064,2050,1992,1992,1934,1934
1.7.0,,,8,,14,98,120,120,147,147,147,4834,4834,4794,4218,4228,4228,4228,3122,3122,3122,3122,3122,373,373,413,427,441,441,441,902,902,999,1113,3156,3156,3190,3449,5699,6019,7763,7763,8437,8535,10017,10017,10289,10657,10491,10491,15518,,14312,13076,7076,6994,6808,6838,5184,5172,3822,3798,3788,3748,3414,3416,3394,3394,3394,2338,2338,2356,2356,2356,2118,2118,2086,2064,2050,1992,1992,1934,1934
1.7.1,,,8,,14,98,120,120,147,147,147,4866,4866,4826,4292,4300,4300,4300,3256,3256,3256,3256,3256,373,373,409,423,437,437,437,880,880,977,1095,3110,3110,3144,3381,5619,5967,7633,7633,8323,8421,9867,9867,10011,10279,10109,10109,14338,14338,,13510,7298,7128,6942,6972,5244,5232,3904,3880,3870,3830,3496,3496,3474,3474,3474,2466,2466,2484,2484,2484,2256,2256,2224,2202,2188,2130,2130,2064,2064
1.7.2,,,8,,14,98,120,120,113,113,113,5221,5221,5181,4565,4573,4573,4573,3509,3509,3509,3509,3509,339,339,375,389,395,395,395,804,804,901,1019,2881,2881,2915,3158,5091,5281,6979,6979,7669,7644,8932,8932,9088,9294,9148,9148,13187,13187,13589,,7934,7760,7582,7612,5625,5613,4217,4193,4183,4143,3743,3743,3721,3721,3721,2693,2693,2711,2711,2711,2483,2483,2357,2335,2321,2263,2263,2197,2197
1.8.0,,,8,,14,82,104,104,90,90,90,7476,7476,7418,6533,6447,6447,6447,5069,5069,5069,5069,5069,124,132,146,160,166,166,166,261,261,261,278,1442,1442,1442,1540,2204,2306,3292,3292,3780,3796,4484,4484,4642,4822,4692,4692,7041,7041,7227,7832,,14670,13843,13754,8540,8476,6140,5938,5928,5870,5277,5196,5174,5174,5174,4092,4092,4110,4110,4110,3391,3391,3521,3485,3471,3249,3249,3183,3183
1.8.1,,,8,,14,82,104,104,90,90,90,7580,7580,7522,6588,6502,6502,6502,5144,5128,5128,5128,5128,124,132,146,160,166,166,166,258,258,258,275,1426,1426,1426,1524,2121,2229,3224,3224,3712,3728,4416,4416,4574,4754,4624,4624,6955,6955,7051,7654,14682,,14472,14378,8675,8603,6240,6038,6028,5970,5338,5257,5235,5235,5235,4173,4157,4175,4175,4175,3469,3469,3599,3563,3549,3299,3299,3215,3215
1.8.2,,,8,,14,82,104,104,90,90,90,7980,7980,7922,6591,6505,6505,6505,5151,5135,5135,5135,5135,124,132,146,160,166,166,166,264,264,264,273,1420,1420,1420,1518,2115,2206,3195,3195,3655,3671,4359,4359,4517,4625,4567,4567,6774,6774,6870,7483,13843,14465,,15400,9028,8942,6560,6438,6428,6370,5341,5260,5238,5238,5238,4188,4172,4190,4190,4190,3474,3474,3604,3568,3554,3282,3282,3198,3198
1.8.3,,,8,,14,82,104,104,90,90,90,8093,8093,8035,6647,6561,6561,6561,5207,5191,5191,5191,5191,124,132,146,160,166,166,166,264,264,264,273,1420,1420,1420,1518,2113,2202,3207,3207,3679,3695,4385,4385,4543,4651,4607,4607,6800,6800,6896,7509,13755,14374,15408,,9171,9085,6675,6551,6541,6483,5365,5294,5272,5272,5272,4214,4198,4216,4216,4216,3502,3502,3620,3584,3570,3298,3298,3214,3214
1.9.0,6,6,6,6,20,88,110,110,96,96,96,12036,12010,11906,9506,9444,9444,9444,7798,7782,7782,7782,7782,124,132,146,160,166,166,166,196,196,196,196,946,946,946,974,1356,1437,2220,2220,2538,2554,2932,2932,3014,3052,3174,3174,5183,5183,5195,5528,8525,8641,8998,9145,,14498,9941,9642,9606,9502,7570,7478,7402,7402,7402,6106,6090,6108,6108,6108,5050,5050,5168,5102,5088,4606,4606,4524,4524
1.9.1,6,6,6,6,20,88,110,110,96,96,96,12371,12345,12241,9662,9600,9600,9600,7942,7926,7926,7926,7926,124,132,146,160,166,166,166,196,196,196,196,946,946,946,974,1356,1441,2232,2232,2544,2560,2938,2938,3020,3058,3180,3180,5197,5197,5209,5542,8465,8574,8916,9063,14525,,10248,9905,9869,9765,7702,7586,7510,7510,7510,6200,6184,6202,6202,6202,5146,5146,5270,5204,5190,4706,4706,4624,4624
2.0.0,6,6,6,6,20,90,112,112,98,98,98,10884,10858,10738,8264,8224,8224,8224,6988,6972,6972,6972,6972,126,134,148,162,166,166,166,196,196,196,196,656,656,656,670,926,1011,1720,1720,1838,1854,2028,2028,2056,2094,2198,2198,3685,3685,3741,4016,6018,6117,6439,6558,9893,10148,,12920,12884,12704,9382,9254,9162,9162,9162,7340,7324,7324,7324,7324,6200,6200,6314,6170,6170,5678,5678,5570,5570
2.0.1,6,6,6,6,20,88,110,110,96,96,96,11517,11477,11308,8388,8348,8348,8348,7172,7156,7156,7156,7156,124,132,146,160,166,166,166,196,196,196,196,660,660,660,674,930,1007,1716,1716,1834,1850,2024,2024,2052,2096,2200,2200,3661,3661,3717,3992,5806,5905,6309,6428,9597,9802,12911,,13711,13482,9486,9358,9266,9266,9266,7541,7525,7525,7525,7525,6365,6365,6479,6335,6335,5827,5827,5707,5707
2.0.2,6,6,6,6,20,88,110,110,96,96,96,11467,11509,11340,8382,8342,8342,8342,7166,7150,7150,7150,7150,124,132,146,146,152,152,152,182,182,182,182,650,650,650,664,920,997,1706,1706,1824,1840,2014,2014,2042,2086,2190,2190,3651,3651,3707,3982,5800,5899,6303,6422,9565,9770,12879,13723,,13522,9490,9362,9270,9270,9270,7545,7529,7529,7529,7529,6369,6369,6483,6339,6339,5831,5831,5711,5711
2.0.3,6,6,6,6,20,88,110,110,96,96,96,11279,11321,11564,8456,8416,8416,8416,7240,7224,7224,7224,7224,124,132,146,146,152,152,152,182,182,182,182,636,636,636,650,906,983,1692,1692,1810,1826,2000,2000,2028,2048,2152,2152,3613,3613,3669,3944,5740,5839,6243,6362,9467,9672,12714,13475,13503,,9664,9536,9444,9444,9444,7619,7603,7603,7603,7603,6377,6377,6491,6347,6347,5819,5819,5699,5699
2.1.0,3,3,3,3,10,44,55,55,48,48,48,4155,4155,4191,4617,4577,4577,4577,3763,3755,3755,3755,3755,62,66,72,77,80,80,80,95,95,95,100,287,287,287,294,410,443,748,748,809,817,888,888,902,918,977,977,1664,1664,1692,1795,2583,2612,2614,2628,3768,3811,4740,4815,4815,4901,,5590,5503,5503,5487,4255,4247,4247,4247,4247,3566,3566,3618,3505,3505,3225,3225,3132,3132
2.1.1,3,3,3,3,10,44,55,55,48,48,48,4111,4111,4147,4541,4690,4678,4678,3825,3817,3817,3817,3817,62,66,72,77,80,80,80,90,90,90,95,282,282,282,289,405,441,751,751,812,820,891,891,905,918,977,977,1665,1665,1694,1797,2556,2585,2588,2607,3740,3771,4687,4756,4756,4842,5594,,5729,5729,5713,4394,4386,4386,4386,4386,3591,3591,3638,3537,3537,3262,3262,3169,3169
2.1.2,3,3,3,3,10,44,55,55,48,48,48,4069,4069,4105,4481,4619,4642,4642,3800,3792,3792,3792,3792,62,66,72,77,80,80,80,90,90,90,95,282,282,282,289,408,444,753,753,803,811,882,882,896,909,967,967,1655,1655,1684,1787,2543,2572,2575,2594,3700,3731,4637,4706,4706,4792,5506,5732,,5867,5851,4482,4474,4474,4474,4474,3627,3627,3675,3575,3575,3301,3301,3208,3208
2.1.3,3,3,3,3,10,44,55,55,48,48,48,4069,4069,4105,4481,4619,4642,4642,3800,3792,3792,3792,3792,62,66,72,77,80,80,80,90,90,90,95,282,282,282,289,408,444,753,753,803,811,882,882,896,909,967,967,1655,1655,1684,1787,2543,2572,2575,2594,3700,3731,4637,4706,4706,4792,5506,5732,5867,,5851,4482,4474,4474,4474,4474,3627,3627,3675,3575,3575,3301,3301,3208,3208
2.1.4,3,3,3,3,10,44,55,55,48,48,48,4069,4069,4105,4481,4619,4642,4642,3800,3792,3792,3792,3792,62,66,72,77,80,80,80,90,90,90,95,282,282,282,289,408,444,753,753,803,811,882,882,896,909,967,967,1655,1655,1684,1787,2543,2572,2575,2594,3700,3731,4637,4706,4706,4792,5490,5716,5851,5851,,4482,4474,4474,4474,4474,3627,3627,3675,3575,3575,3301,3301,3208,3208
2.2.0,3,3,3,3,10,52,62,62,55,55,55,3627,3627,3665,3854,3941,3941,3941,4671,4613,4613,4584,4552,69,73,89,94,91,91,91,102,102,102,102,286,286,286,293,423,459,778,778,833,841,920,920,934,946,1002,1002,1225,1225,1283,1398,2164,2194,2207,2222,3263,3296,3913,4027,4027,4065,4480,4633,4734,4734,4734,,6421,6402,6373,6337,4915,4915,5071,4913,4913,4471,4471,4355,4355
2.2.1,3,3,3,3,10,52,62,62,55,55,55,3618,3618,3656,3845,3932,3932,3932,4613,4639,4639,4610,4578,69,73,89,94,91,91,91,102,102,102,102,286,286,286,293,423,459,778,778,833,841,920,920,934,946,1002,1002,1225,1225,1283,1398,2164,2184,2197,2212,3254,3287,3904,4018,4018,4056,4471,4624,4725,4725,4725,6421,,6428,6399,6363,4919,4919,5075,4917,4917,4475,4475,4368,4368
2.2.2,3,3,3,3,10,52,62,62,55,55,55,3622,3622,3660,3849,3936,3936,3936,4617,4643,4676,4647,4615,69,73,89,94,91,91,91,102,102,102,102,293,293,293,300,430,466,785,785,840,848,927,927,941,953,1009,1009,1232,1232,1290,1405,2171,2191,2204,2219,3258,3291,3901,4015,4015,4053,4468,4621,4722,4722,4722,6399,6425,,6493,6457,4940,4940,5056,4898,4898,4456,4456,4349,4349
2.2.3,3,3,3,3,10,52,62,62,55,55,55,3622,3622,3660,3849,3936,3936,3936,4588,4614,4647,4676,4644,69,73,89,94,91,91,91,102,102,102,102,293,293,293,300,430,466,785,785,840,848,927,927,941,953,1009,1009,1232,1232,1290,1405,2171,2191,2204,2219,3258,3291,3901,4015,4015,4053,4468,4621,4722,4722,4722,6370,6396,6493,,6486,4972,4972,5088,4930,4930,4493,4493,4386,4386
2.2.4,3,3,3,3,10,52,62,62,55,55,55,3622,3622,3660,3849,3936,3936,3936,4555,4581,4614,4643,4643,69,73,89,94,91,91,91,102,102,102,102,293,293,293,300,430,466,785,785,840,848,927,927,941,953,1009,1009,1232,1232,1290,1405,2171,2191,2204,2219,3258,3291,3901,4015,4015,4053,4468,4621,4722,4722,4722,6333,6359,6456,6485,,4996,4996,5112,4954,4954,4517,4517,4410,4410
3.0.0,3,3,3,3,10,52,62,62,55,55,55,3066,3066,3104,3248,3252,3252,3252,3820,3824,3859,3872,3872,69,69,83,88,85,85,85,92,92,92,92,260,260,260,267,394,425,717,717,764,769,857,857,871,883,939,939,1095,1095,1158,1274,1792,1822,1835,1851,2700,2733,3330,3427,3427,3429,3778,3810,3849,3849,3849,4985,4989,5010,5038,5063,,7274,6956,6363,6363,5347,5347,5206,5206
3.1.0,3,3,3,3,10,52,62,62,55,55,55,3067,3067,3105,3249,3253,3253,3253,3825,3829,3864,3877,3877,69,69,83,88,85,85,85,92,92,92,92,259,259,259,266,394,424,716,716,763,768,856,856,870,882,938,938,1094,1094,1157,1273,1791,1821,1834,1850,2699,2732,3331,3428,3428,3430,3778,3810,3849,3849,3849,4991,4995,5016,5044,5069,7287,,7005,6409,6409,5392,5392,5248,5248
3.1.1,3,3,3,3,10,52,62,62,55,55,55,3108,3108,3146,3283,3287,3287,3287,3974,3978,3978,3991,3991,61,65,75,80,77,77,77,84,84,84,84,240,240,240,247,365,395,682,682,729,734,822,822,836,848,904,904,1082,1082,1145,1211,1857,1887,1900,1911,2758,2796,3388,3485,3485,3487,3832,3859,3898,3898,3898,5151,5155,5134,5162,5187,6985,7021,,7086,7086,6057,6057,5843,5843
3.2.0,3,3,3,3,10,52,52,52,45,45,45,3075,3075,3113,3257,3261,3261,3261,3892,3896,3896,3909,3909,51,55,65,70,67,67,67,74,74,74,74,230,230,230,237,355,385,672,672,719,724,805,805,819,831,887,887,1065,1065,1128,1194,1843,1873,1886,1897,2727,2765,3318,3415,3415,3417,3731,3770,3809,3809,3809,5005,5009,4988,5016,5041,6394,6427,7095,,7654,6404,6404,6105,6105
3.2.1,3,3,3,3,10,52,52,52,45,45,45,3068,3068,3106,3255,3259,3259,3259,3890,3894,3894,3907,3907,51,55,65,70,67,67,67,74,74,74,74,230,230,230,237,355,385,672,672,719,724,798,798,812,824,880,880,1058,1058,1121,1187,1836,1866,1879,1890,2720,2758,3311,3408,3408,3410,3729,3768,3807,3807,3807,5003,5007,4986,5014,5039,6392,6425,7091,7657,,6423,6423,6120,6120
3.3.0,3,3,3,3,10,49,49,49,42,42,42,2806,2806,2834,2987,2991,2991,2991,3602,3606,3606,3624,3624,48,48,62,67,61,61,61,68,68,68,68,223,223,223,230,351,385,672,672,703,708,782,782,796,808,864,864,1030,1030,1093,1159,1722,1737,1738,1749,2479,2517,3060,3146,3146,3138,3443,3482,3521,3521,3521,4564,4568,4547,4580,4605,5376,5409,6064,6419,6436,,7923,7493,7493
3.3.1,3,3,3,3,10,49,49,49,42,42,42,2806,2806,2834,2987,2991,2991,2991,3602,3606,3606,3624,3624,48,48,62,67,61,61,61,68,68,68,68,223,223,223,230,351,385,672,672,703,708,782,782,796,808,864,864,1030,1030,1093,1159,1722,1737,1738,1749,2479,2517,3060,3146,3146,3138,3443,3482,3521,3521,3521,4564,4568,4547,4580,4605,5376,5409,6064,6419,6436,7923,,7493,7493
3.4.0,3,3,3,3,10,49,49,49,42,42,42,2742,2742,2770,2914,2916,2916,2916,3537,3550,3550,3568,3568,48,48,62,67,61,61,61,70,70,70,70,225,225,225,232,315,349,636,636,667,672,746,746,760,772,828,828,994,994,1057,1123,1685,1690,1691,1702,2433,2471,2998,3078,3078,3070,3340,3381,3420,3420,3420,4449,4462,4441,4474,4499,5237,5270,5855,6127,6137,7502,7502,,8215
3.4.1,3,3,3,3,10,49,49,49,42,42,42,2742,2742,2770,2914,2916,2916,2916,3537,3550,3550,3568,3568,48,48,62,67,61,61,61,70,70,70,70,225,225,225,232,315,349,636,636,667,672,746,746,760,772,828,828,994,994,1057,1123,1685,1690,1691,1702,2433,2471,2998,3078,3078,3070,3340,3381,3420,3420,3420,4449,4462,4441,4474,4499,5237,5270,5855,6127,6137,7502,7502,8225,
