,1.0,1.0.1,1.0.2,1.0.3,1.0.4,1.1,1.1.1,1.1.2,1.1.3,1.1.3.1,1.1.4,1.2,1.2.1,1.2.2,1.2.3,1.2.4,1.2.5,1.2.6,1.3,1.3.0,1.3.1,1.3.2,1.4,1.4.0,1.4.1,1.4.2,1.4.3,1.4.4,1.5,1.5.0,1.5.1,1.5.2,1.6,1.6.0,1.6.1,1.6.2,1.6.3,1.6.4,1.7,1.7.0,1.7.1,1.7.2,1.8.0,1.8.1,1.8.2,1.8.3,1.9.0,1.9.1,1.10.0,1.10.1,1.10.2,1.11.0,1.11.1,1.11.2,1.11.3,1.12.0,1.12.1,1.12.2,1.12.3,1.12.4,2.0.0,2.0.1,2.0.2,2.0.3,2.1.0,2.1.1,2.1.2,2.1.3,2.1.4,2.2.0,2.2.1,2.2.2,2.2.3,2.2.4,3.0.0,3.1.0,3.1.1,3.2.0,3.2.1,3.3.0,3.3.1,3.4.0,3.4.1
1.0,1.0,,,,,,,,,,,,,,,,,,,,,,,,,,,,,,,,,,,,,,,,,,,,,,,,,,,,,,,,,,,,,,,,,,,,,,,,,,,,,,,,,,
1.0.1,0.9987542414426193,1.0,,,,,,,,,,,,,,,,,,,,,,,,,,,,,,,,,,,,,,,,,,,,,,,,,,,,,,,,,,,,,,,,,,,,,,,,,,,,,,,,,
1.0.2,0.974744937396942,0.974744937396942,1.0,,,,,,,,,,,,,,,,,,,,,,,,,,,,,,,,,,,,,,,,,,,,,,,,,,,,,,,,,,,,,,,,,,,,,,,,,,,,,,,,
1.0.3,0.9761635972953061,0.9761635972953061,0.9858032889954786,1.0,,,,,,,,,,,,,,,,,,,,,,,,,,,,,,,,,,,,,,,,,,,,,,,,,,,,,,,,,,,,,,,,,,,,,,,,,,,,,,,
1.0.4,0.9613509556478208,0.9613509556478208,0.9563326478348022,0.9764249494242607,1.0,,,,,,,,,,,,,,,,,,,,,,,,,,,,,,,,,,,,,,,,,,,,,,,,,,,,,,,,,,,,,,,,,,,,,,,,,,,,,,
1.1,0.35052000135890354,0.35052000135890354,0.3525931618991012,0.40803892711927553,0.6498577126447729,1.0,,,,,,,,,,,,,,,,,,,,,,,,,,,,,,,,,,,,,,,,,,,,,,,,,,,,,,,,,,,,,,,,,,,,,,,,,,,,,
1.1.1,0.34925521873300136,0.34925521873300136,0.3512797367411657,0.40658535413372154,0.6473423127474652,0.9913275434393763,1.0,,,,,,,,,,,,,,,,,,,,,,,,,,,,,,,,,,,,,,,,,,,,,,,,,,,,,,,,,,,,,,,,,,,,,,,,,,,,
1.1.2,0.3437615408890304,0.3437615408890304,0.34564159928469534,0.40273538392843056,0.6473430958604723,0.9886149886053537,0.991955883053884,1.0,,,,,,,,,,,,,,,,,,,,,,,,,,,,,,,,,,,,,,,,,,,,,,,,,,,,,,,,,,,,,,,,,,,,,,,,,,,
1.1.3,0.2003782068991725,0.2003782068991725,0.20636972760058994,0.24875839544192255,0.5843331714291787,0.8666844751319527,0.8740214946934772,0.8795947569775732,1.0,,,,,,,,,,,,,,,,,,,,,,,,,,,,,,,,,,,,,,,,,,,,,,,,,,,,,,,,,,,,,,,,,,,,,,,,,,
1.1.3.1,0.1538682498766833,0.1538682498766833,0.16375391466419148,0.2046498172609537,0.5447859785456137,0.8582325344709117,0.8659607680107718,0.8720010911449697,0.9757374857416605,1.0,,,,,,,,,,,,,,,,,,,,,,,,,,,,,,,,,,,,,,,,,,,,,,,,,,,,,,,,,,,,,,,,,,,,,,,,,
1.1.4,0.14150628825646833,0.14150628825646833,0.15270418378223122,0.15573724801382974,0.17283266407558595,0.577880728985115,0.6005274587168472,0.6044279360014752,0.86227493342401,0.8650761838973334,1.0,,,,,,,,,,,,,,,,,,,,,,,,,,,,,,,,,,,,,,,,,,,,,,,,,,,,,,,,,,,,,,,,,,,,,,,,
1.2,0.09039915255225182,0.09039915255225182,0.09377805473285833,0.09450501965954719,0.11238862261830805,0.3365505331934875,0.3738829806815722,0.3840516739256031,0.5590231392337691,0.5666149312762431,0.7780355731968839,1.0,,,,,,,,,,,,,,,,,,,,,,,,,,,,,,,,,,,,,,,,,,,,,,,,,,,,,,,,,,,,,,,,,,,,,,,
1.2.1,0.0898731761064489,0.0898731761064489,0.09318630055042021,0.09391330620652008,0.11169370761677398,0.334898961587439,0.3720760833786664,0.3821784252156604,0.5566003521722591,0.5641734821662716,0.7616448992468093,0.9839462753239083,1.0,,,,,,,,,,,,,,,,,,,,,,,,,,,,,,,,,,,,,,,,,,,,,,,,,,,,,,,,,,,,,,,,,,,,,,
1.2.2,0.054880869239712304,0.054880869239712304,0.05699448598078959,0.0574421443203143,0.07302770948820435,0.2747371237153527,0.3125414079360523,0.3242457795984465,0.4302832461109551,0.43846435781694504,0.5215875618994265,0.8307544880190878,0.8474155394087827,1.0,,,,,,,,,,,,,,,,,,,,,,,,,,,,,,,,,,,,,,,,,,,,,,,,,,,,,,,,,,,,,,,,,,,,,
1.2.3,0.044791601367636664,0.044791601367636664,0.04774413833930063,0.04811869053479291,0.06339413698950326,0.2625267225895098,0.2985744015315948,0.3103911349220412,0.4134825617823521,0.42174050510995736,0.5093452668596886,0.8217033280176108,0.8388790687279958,0.9915990274331471,1.0,,,,,,,,,,,,,,,,,,,,,,,,,,,,,,,,,,,,,,,,,,,,,,,,,,,,,,,,,,,,,,,,,,,,
1.2.4,0.04670665927018421,0.04670665927018421,0.04831419758138877,0.048789070254974684,0.062390377732373346,0.22778933197786472,0.2603501385315245,0.2600983790900908,0.34934770483706057,0.3543769569650424,0.39889940241291666,0.7067508836388215,0.7204914421666173,0.8562290719616833,0.8879011441756252,1.0,,,,,,,,,,,,,,,,,,,,,,,,,,,,,,,,,,,,,,,,,,,,,,,,,,,,,,,,,,,,,,,,,,,
1.2.5,0.04670665927018421,0.04670665927018421,0.04831419758138877,0.048789070254974684,0.062390377732373346,0.22778933197786472,0.2603501385315245,0.2600983790900908,0.34934770483706057,0.3543769569650424,0.39889940241291666,0.7067508836388215,0.7204914421666173,0.8562290719616833,0.8879011441756252,0.9988645641717676,1.0,,,,,,,,,,,,,,,,,,,,,,,,,,,,,,,,,,,,,,,,,,,,,,,,,,,,,,,,,,,,,,,,,,
1.2.6,0.04666975464071469,0.04666975464071469,0.048271750102482434,0.048746623756602124,0.06233570810178268,0.22378801466031653,0.25638664699730523,0.2561757097388155,0.345562106342277,0.3540236811381613,0.39524503031198976,0.7041973415969689,0.7180067381487101,0.8543305636286163,0.8870343741138506,0.9969030008173806,0.9969030008173806,1.0,,,,,,,,,,,,,,,,,,,,,,,,,,,,,,,,,,,,,,,,,,,,,,,,,,,,,,,,,,,,,,,,,
1.3,0.015544472269052173,0.015544472269052173,0.01921296555691326,0.019394653825974172,0.03060877182863211,0.10054930054693709,0.11926170334243634,0.1176093552313674,0.16710992018491141,0.17206214392286975,0.19761800136967222,0.36704061182352815,0.3964445680565061,0.4750875563700384,0.4868940775817139,0.5623015291118296,0.5623015291118296,0.5774358194303301,1.0,,,,,,,,,,,,,,,,,,,,,,,,,,,,,,,,,,,,,,,,,,,,,,,,,,,,,,,,,,,,,,,,
1.3.0,0.015544472269052173,0.015544472269052173,0.01921296555691326,0.019394653825974172,0.03060877182863211,0.10054930054693709,0.11926170334243634,0.1176093552313674,0.16710992018491141,0.17206214392286975,0.19761800136967222,0.36704061182352815,0.3964445680565061,0.4750875563700384,0.4868940775817139,0.5623015291118296,0.5623015291118296,0.5774358194303301,0.9989474374767656,1.0,,,,,,,,,,,,,,,,,,,,,,,,,,,,,,,,,,,,,,,,,,,,,,,,,,,,,,,,,,,,,,,
1.3.1,0.015544472269052173,0.015544472269052173,0.01921296555691326,0.019394653825974172,0.03060877182863211,0.10054930054693709,0.11926170334243634,0.1176093552313674,0.16710992018491141,0.17206214392286975,0.19497845329938904,0.36279805136634824,0.39230173546033614,0.47337373220189644,0.48520420256416563,0.553293077003201,0.553293077003201,0.5685982120345334,0.9974080916431499,0.9974080916431499,1.0,,,,,,,,,,,,,,,,,,,,,,,,,,,,,,,,,,,,,,,,,,,,,,,,,,,,,,,,,,,,,,
1.3.2,0.015268328483371346,0.015268328483371346,0.01883513386137412,0.019016823443108528,0.03000599859370248,0.09729664721988981,0.11527738385696172,0.1136461646096723,0.1599678375298079,0.16484482607427886,0.18753518715719392,0.3467491619532083,0.36750051143587714,0.430376126617563,0.4400751746985825,0.5174248857924727,0.5174248857924727,0.5331386750768968,0.9916684781537343,0.9916684781537343,0.9943969976682953,1.0,,,,,,,,,,,,,,,,,,,,,,,,,,,,,,,,,,,,,,,,,,,,,,,,,,,,,,,,,,,,,
1.4,0.010874439837998387,0.010874439837998387,0.008908178147183745,0.009074429181808306,0.013346625345118093,0.045338010689144746,0.058387576489988026,0.05727894974157687,0.07503558796858183,0.07499805825229851,0.07707925465513361,0.1620247448429243,0.16550637261604845,0.17823590640157036,0.18523597136033257,0.19397505873551887,0.19397505873551887,0.19381465217234095,0.38055929573777164,0.38055929573777164,0.41272722279961566,0.44081426259207185,1.0,,,,,,,,,,,,,,,,,,,,,,,,,,,,,,,,,,,,,,,,,,,,,,,,,,,,,,,,,,,,
1.4.0,0.010874439837998387,0.010874439837998387,0.008908178147183745,0.009074429181808306,0.013346625345118093,0.045338010689144746,0.058387576489988026,0.05727894974157687,0.07503558796858183,0.07499805825229851,0.07707925465513361,0.1620247448429243,0.16550637261604845,0.17823590640157036,0.18523597136033257,0.19397505873551887,0.19397505873551887,0.19381465217234095,0.38055929573777164,0.38055929573777164,0.41272722279961566,0.44081426259207185,0.9980864836161697,1.0,,,,,,,,,,,,,,,,,,,,,,,,,,,,,,,,,,,,,,,,,,,,,,,,,,,,,,,,,,,
1.4.1,0.010838829963252018,0.010838829963252018,0.008872567581036193,0.009038818668790746,0.013275409091621327,0.04553087483573042,0.058506660262682315,0.05739804118317299,0.07503662495564563,0.07499909524229832,0.07706761972635465,0.16427280830973956,0.16770954067169458,0.18008774729489446,0.1870138470529569,0.1956082351565412,0.1956082351565412,0.19544563858786912,0.38088732250475665,0.38088732250475665,0.4129082347952309,0.440789464626599,0.9819564060035468,0.9819564060035468,1.0,,,,,,,,,,,,,,,,,,,,,,,,,,,,,,,,,,,,,,,,,,,,,,,,,,,,,,,,,,
1.4.2,0.0,0.0,0.0,0.0,0.003606607365199429,0.04312690753522604,0.05596477753427644,0.05487819561059435,0.07265516253191155,0.07261835303388953,0.07397010577402051,0.15831199902425824,0.16173046509904782,0.16985339999842067,0.17444080024707317,0.18541806782670114,0.18541806782670114,0.18526264563126144,0.3447816765100397,0.3447816765100397,0.3741626987698963,0.40574113983876997,0.9031534399063422,0.9031534399063422,0.9312423201037834,1.0,,,,,,,,,,,,,,,,,,,,,,,,,,,,,,,,,,,,,,,,,,,,,,,,,,,,,,,,,
1.4.3,0.0010564269879721404,0.0010564269879721404,0.0021448724077320477,0.0009308317465391531,0.004344571723575997,0.04225981545716483,0.054618895122239886,0.053532232887552496,0.07019364777415314,0.07015683177248813,0.07214606122303335,0.15321447932394497,0.15663751421188912,0.16872276000745343,0.16784490416332204,0.17547867078255167,0.17547867078255167,0.1753240902227915,0.3334775497757245,0.3334775497757245,0.3585550404111403,0.38673423669454987,0.7232929671701659,0.7232929671701659,0.7513018792558459,0.7636344537757934,1.0,,,,,,,,,,,,,,,,,,,,,,,,,,,,,,,,,,,,,,,,,,,,,,,,,,,,,,,,
1.4.4,0.001040692704661005,0.001040692704661005,0.0021081591786723704,0.0009150974612800007,0.004255412169343751,0.04192972010408828,0.05413719015533914,0.05305049965772954,0.06977564664699856,0.06973882956329987,0.0706875550052202,0.15107349516754015,0.15446067723983642,0.16640204753130547,0.1654941682527693,0.17318253014401314,0.17318253014401314,0.1730290168160672,0.32176013924570857,0.32176013924570857,0.3531943068079949,0.37710092799103057,0.7218241801697202,0.7218241801697202,0.7500053194131379,0.7521437653266506,0.9882412303256323,1.0,,,,,,,,,,,,,,,,,,,,,,,,,,,,,,,,,,,,,,,,,,,,,,,,,,,,,,,
1.5,0.0,0.0,0.001125185032776289,0.0,0.0020871407432020007,0.03873896642956032,0.05037777567738387,0.0493041983359279,0.06096447924208958,0.06093040686460026,0.061308160057277454,0.12625695646738583,0.12960561223130015,0.1343613047996094,0.13343700801407687,0.1411781940036188,0.1411781940036188,0.14104637062263062,0.26771055639307506,0.26771055639307506,0.29882768754406225,0.3228250446360684,0.6383885301112064,0.6383885301112064,0.65765692626731,0.6823499377739676,0.9268297609801762,0.9381823022581075,1.0,,,,,,,,,,,,,,,,,,,,,,,,,,,,,,,,,,,,,,,,,,,,,,,,,,,,,,
1.5.0,0.0,0.0,0.001125185032776289,0.0,0.0020871407432020007,0.03873896642956032,0.05037777567738387,0.0493041983359279,0.06096447924208958,0.06093040686460026,0.061308160057277454,0.12625695646738583,0.12960561223130015,0.1343613047996094,0.13343700801407687,0.1411781940036188,0.1411781940036188,0.14104637062263062,0.26771055639307506,0.26771055639307506,0.29882768754406225,0.3228250446360684,0.6383885301112064,0.6383885301112064,0.65765692626731,0.6823499377739676,0.9268297609801762,0.9381823022581075,0.9973359664448164,1.0,,,,,,,,,,,,,,,,,,,,,,,,,,,,,,,,,,,,,,,,,,,,,,,,,,,,,
1.5.1,0.0,0.0,0.001115735473509878,0.0,0.0020706040494250905,0.03861385951001178,0.049921977882486104,0.04884837620281392,0.060413538283267884,0.06037946476262387,0.06075723066524457,0.12535886133016894,0.12455555322633184,0.12957717147297174,0.12865518256661335,0.13644375962234268,0.13644375962234268,0.1363152996324614,0.2627760294190302,0.2627760294190302,0.2938182794660571,0.3177918901483589,0.6341049111474096,0.6341049111474096,0.6564626821856404,0.670890503776621,0.917248011284927,0.9296436861281764,0.9723294690211295,0.9723294690211295,1.0,,,,,,,,,,,,,,,,,,,,,,,,,,,,,,,,,,,,,,,,,,,,,,,,,,,,
1.5.2,0.0,0.0,0.001112239094913331,0.0,0.002064485399623181,0.03856756918976907,0.04985214497743707,0.04877853958870252,0.06030842799701881,0.06027435425946352,0.060652122573807074,0.12512457402428803,0.124321242051391,0.1293136675085036,0.12838560822294973,0.13615207490471332,0.13615207490471332,0.13602360971349714,0.2595327347194434,0.2595327347194434,0.29056807785402483,0.3145744450463416,0.6320594001270948,0.6320594001270948,0.6525985487650425,0.6605433928665635,0.9156432166480136,0.9281657718883606,0.966499461205885,0.966499461205885,0.9893196295339967,1.0,,,,,,,,,,,,,,,,,,,,,,,,,,,,,,,,,,,,,,,,,,,,,,,,,,,
1.6,0.0,0.0,0.001081055786446798,0.0,0.0020099147191004587,0.03815471271360479,0.04812655270498753,0.04705285733541909,0.05244994832763598,0.05241833778270677,0.05289051546722386,0.11692137950009768,0.11615862584887209,0.1200660632083962,0.11911935322765337,0.1190192731731891,0.1190192731731891,0.11890479466063333,0.22245876489644462,0.22245876489644462,0.2460912783648056,0.27092374739220476,0.5161872953335884,0.5161872953335884,0.5261924013873956,0.5820937803738311,0.8027364470756613,0.8224272030718877,0.8977748553621364,0.8977748553621364,0.9286856580186384,0.9415241698654915,1.0,,,,,,,,,,,,,,,,,,,,,,,,,,,,,,,,,,,,,,,,,,,,,,,,,,
1.6.0,0.0,0.0,0.001081055786446798,0.0,0.0020099147191004587,0.03815471271360479,0.04812655270498753,0.04705285733541909,0.05244994832763598,0.05241833778270677,0.05289051546722386,0.11692137950009768,0.11615862584887209,0.1200660632083962,0.11911935322765337,0.1190192731731891,0.1190192731731891,0.11890479466063333,0.22245876489644462,0.22245876489644462,0.2460912783648056,0.27092374739220476,0.5161872953335884,0.5161872953335884,0.5261924013873956,0.5820937803738311,0.8027364470756613,0.8224272030718877,0.8977748553621364,0.8977748553621364,0.9286856580186384,0.9415241698654915,0.9938763031897838,1.0,,,,,,,,,,,,,,,,,,,,,,,,,,,,,,,,,,,,,,,,,,,,,,,,,
1.6.1,0.0,0.0,0.00107699566827708,0.0,0.0020028095259681782,0.038100957474832935,0.04805457434775274,0.046980875294667525,0.05235822551199734,0.0523266148147546,0.052798794784025105,0.11303280896466945,0.1122934151788745,0.11647718567935063,0.11554021304581105,0.1155223454912257,0.1155223454912257,0.115410916564213,0.21525120308893078,0.21525120308893078,0.23890543984055443,0.26388310829648126,0.5099964732351038,0.5099964732351038,0.5200916684889048,0.5762124064349665,0.7977038075557524,0.8176851416315161,0.8942230487334195,0.8942230487334195,0.925727421599146,0.93885024460239,0.9840640983200365,0.9840640983200365,1.0,,,,,,,,,,,,,,,,,,,,,,,,,,,,,,,,,,,,,,,,,,,,,,,,
1.6.2,0.0,0.0,0.0010743455646128643,0.0,0.001998171853405924,0.03806587049668285,0.04716156135685429,0.04608781706827113,0.05145254311373494,0.051420930926885024,0.05189313324165746,0.11202713648537109,0.11128765822760764,0.11685949155733392,0.11590944367243315,0.11584240276089695,0.11584240276089695,0.11572942906056936,0.21520729426326202,0.21520729426326202,0.23882622517965166,0.2624149780928153,0.4970830235384846,0.4970830235384846,0.5073915298720689,0.5627786968056924,0.7849384391355725,0.8031841730402421,0.8831642570213237,0.8831642570213237,0.9167670342412342,0.9306072251755815,0.9782430074541656,0.9782430074541656,0.9857388406140416,1.0,,,,,,,,,,,,,,,,,,,,,,,,,,,,,,,,,,,,,,,,,,,,,,,
1.6.3,0.0,0.0,0.0010707123850463064,0.0,0.001991813801209361,0.03801776763825602,0.047103498497267526,0.0460297512972951,0.05137680841329462,0.05134519610306234,0.051817400268760604,0.11013789918039218,0.10939826430878762,0.11494290434712677,0.11398643973808352,0.11391318351347099,0.11391318351347099,0.11380018445034294,0.21308603927938222,0.21308603927938222,0.2366759664588158,0.2602277716027473,0.49030300425459344,0.49030300425459344,0.5006954174268508,0.5563185514119079,0.7714888163380877,0.79193330375664,0.8697582819100892,0.8697582819100892,0.9040947997582296,0.9192147672332239,0.9695927904943109,0.9695927904943109,0.9731361881851045,0.9801561325121209,1.0,,,,,,,,,,,,,,,,,,,,,,,,,,,,,,,,,,,,,,,,,,,,,,
1.6.4,0.0,0.0,0.0010705970236878767,0.0,0.001991611919212895,0.03801624026588888,0.04710165487165571,0.04602790757929972,0.05137440366500352,0.051342791350856565,0.05181499557528131,0.11013132557454303,0.10939169016272365,0.11493541995523213,0.11397875455730813,0.11390529833992682,0.11390529833992682,0.11379229917402107,0.213070998159918,0.213070998159918,0.2366596684613614,0.2602099175244778,0.49026018378952,0.49026018378952,0.5006525183805255,0.5563652157692114,0.7714995635435299,0.7919411558028087,0.869753327083019,0.869753327083019,0.9040867567781483,0.9192056118652748,0.9695827787733287,0.9695827787733287,0.9731434717641798,0.9801614341735077,0.9937806423381383,1.0,,,,,,,,,,,,,,,,,,,,,,,,,,,,,,,,,,,,,,,,,,,,,
1.7,0.0,0.0,0.0010571718807607688,0.0,0.001968117962709455,0.036969193236852056,0.046021264395270656,0.04495634987069564,0.04897355386456264,0.0489426671732463,0.04944265941340889,0.08332948234318927,0.08277615809664284,0.08690285067663707,0.08607402167813342,0.08677424548656242,0.08677424548656242,0.0866886270108611,0.1800524591465944,0.1800524591465944,0.20445777106582985,0.22467633751557647,0.4322744725839092,0.4322744725839092,0.44321080348281183,0.4625652651679533,0.6581168051978984,0.6858121863959826,0.7783143351949224,0.7783143351949224,0.8161852569782111,0.8201179175595124,0.8786580769432055,0.8786580769432055,0.8882235552603152,0.9021756688672435,0.8948431716997141,0.8948720569867433,1.0,,,,,,,,,,,,,,,,,,,,,,,,,,,,,,,,,,,,,,,,,,,,
1.7.0,0.0,0.0,0.0010571718807607688,0.0,0.001968117962709455,0.036969193236852056,0.046021264395270656,0.04495634987069564,0.04897355386456264,0.0489426671732463,0.04944265941340889,0.08332948234318927,0.08277615809664284,0.08690285067663707,0.08607402167813342,0.08677424548656242,0.08677424548656242,0.0866886270108611,0.1800524591465944,0.1800524591465944,0.20445777106582985,0.22467633751557647,0.4322744725839092,0.4322744725839092,0.44321080348281183,0.4625652651679533,0.6581168051978984,0.6858121863959826,0.7783143351949224,0.7783143351949224,0.8161852569782111,0.8201179175595124,0.8786580769432055,0.8786580769432055,0.8882235552603152,0.9021756688672435,0.8948431716997141,0.8948720569867433,0.9951016559390816,1.0,,,,,,,,,,,,,,,,,,,,,,,,,,,,,,,,,,,,,,,,,,,
1.7.1,0.0,0.0,0.0010590043931507467,0.0,0.0019713248535187383,0.036991625439704225,0.04604872160904325,0.04498380841773589,0.04900718338928689,0.048976296748963345,0.04947628815969416,0.0834145853558223,0.08286126504948392,0.08558961170350417,0.0847726126536755,0.08552115423833903,0.08552115423833903,0.08543709340058973,0.17601816304415047,0.17601816304415047,0.2004808278600215,0.22194388536925852,0.4271614211818234,0.4271614211818234,0.4382013655326271,0.4546516424231855,0.6518248304836014,0.6810674804592934,0.7701592783089665,0.7701592783089665,0.8101051931357598,0.8141515846421844,0.8726545738323739,0.8726545738323739,0.8772069311097044,0.8881657958983235,0.8800899060103603,0.8801232933895804,0.9845001058276663,0.9845001058276663,1.0,,,,,,,,,,,,,,,,,,,,,,,,,,,,,,,,,,,,,,,,,,
1.7.2,0.0,0.0,0.001051652886767871,0.0,0.001958459740757344,0.036901633823724606,0.045938570985365176,0.04487365245023322,0.0438554440786487,0.04382688591630849,0.04441577913468315,0.07575717755338078,0.07525160903882656,0.07856246045033043,0.0777672481435568,0.07710234968406918,0.07710234968406918,0.07702608036498049,0.16265892589095887,0.16265892589095887,0.18714018891864137,0.20884943515552074,0.3939985262129959,0.3939985262129959,0.4057273923510415,0.4233597016513721,0.5973675474675709,0.6157678637002774,0.7209815188131241,0.7209815188131241,0.7661386012195652,0.7629139358115254,0.8238937551731376,0.8238937551731376,0.8301279265995481,0.8409009876338911,0.8321637055104225,0.8322106783303268,0.9640837479024117,0.9640837479024117,0.9721447367595288,1.0,,,,,,,,,,,,,,,,,,,,,,,,,,,,,,,,,,,,,,,,,
1.8.0,0.0,0.0,0.0010615164903056576,0.0,0.0019757210154472864,0.03426781784233209,0.043346847206802895,0.04232181026571493,0.03939019879243751,0.03936411940461753,0.04004750291149911,0.03225891834189231,0.033840473877163844,0.03579567455940885,0.03523981722067941,0.03600477776421973,0.03600477776421973,0.03596785677658874,0.05004752186127195,0.05004752186127195,0.05004752186127195,0.05249252734699037,0.21083487669204684,0.21083487669204684,0.2106809813747421,0.22188823404507266,0.2951326043088401,0.30147674770805294,0.39411236791910126,0.39411236791910126,0.44366503074036284,0.44430246008101804,0.5014395954889138,0.5014395954889138,0.515178471254849,0.5328235111705149,0.5191162949044932,0.5192524197093488,0.7066341642194155,0.7066341642194155,0.7218505822209416,0.7586968749847733,1.0,,,,,,,,,,,,,,,,,,,,,,,,,,,,,,,,,,,,,,,,
1.8.1,0.0,0.0,0.0010593341244441216,0.0,0.001971901882222664,0.034245462223019135,0.043318504135687476,0.042293465948244846,0.039365666885966065,0.03933958747292221,0.04002297164629634,0.03222511102636122,0.033804487579813365,0.03575587477713232,0.035196200801452755,0.03595952726744493,0.03595952726744493,0.035922606219651744,0.049094124940851414,0.049094124940851414,0.049094124940851414,0.051556447268120774,0.20830956156265204,0.20830956156265204,0.20817267123247118,0.21956583478636282,0.2854781182527985,0.291590044599815,0.38618440503755114,0.38618440503755114,0.4359701123901928,0.43663054091423065,0.49388998311924504,0.49388998311924504,0.50728595030339,0.525056136437078,0.5112922610221964,0.5114303347356169,0.6994870204624273,0.6994870204624273,0.7086419979443764,0.7463535038047743,0.9891433168500916,1.0,,,,,,,,,,,,,,,,,,,,,,,,,,,,,,,,,,,,,,,
1.8.2,0.0,0.0,0.001055434753146986,0.0,0.001965077994929403,0.03420551796781323,0.04326786166465856,0.042242821252328006,0.03932183410043103,0.039295754642357204,0.03997914000557069,0.03216470522189317,0.0337401884247108,0.035684761777372724,0.0351182683277493,0.03587867505690963,0.03587867505690963,0.03584175390180918,0.05049464219872729,0.05049464219872729,0.05049464219872729,0.05107824879780765,0.2066786234840597,0.2066786234840597,0.2065502370863993,0.21792030182905658,0.2830612712519551,0.28744885641984713,0.38115081734564726,0.38115081734564726,0.4279681453286828,0.428650008656562,0.48622483099375685,0.48622483099375685,0.49968395250861736,0.5105392718554327,0.5037415198434136,0.5038813240063562,0.6840877625800842,0.6840877625800842,0.6934567965743114,0.7328780643212355,0.978220323948346,0.9859271500875535,1.0,,,,,,,,,,,,,,,,,,,,,,,,,,,,,,,,,,,,,,
1.8.3,0.0,0.0,0.001054194156352458,0.0,0.0019629069544844537,0.0341928095673821,0.04325174957927994,0.04222670845964654,0.039307888546859134,0.03928180907446941,0.03996519481595826,0.0321454868965463,0.03371973141113674,0.035662136905165995,0.03509347380665135,0.03585295160545588,0.03585295160545588,0.035816030416265944,0.05045376426074618,0.05045376426074618,0.05045376426074618,0.051035979236400894,0.20646462161954246,0.20646462161954246,0.20633622929514814,0.21769232099894448,0.2824934991774725,0.28676464902025794,0.38180324094629836,0.38180324094629836,0.4298040303438557,0.4304754304609543,0.48800773976222,0.48800773976222,0.5014154285722742,0.5122328192660902,0.5067731983001771,0.5069121449252088,0.6854773415677312,0.6854773415677312,0.6948162368535084,0.7340630326657698,0.9766205744642384,0.984622230560754,0.9938029331555612,1.0,,,,,,,,,,,,,,,,,,,,,,,,,,,,,,,,,,,,,
1.9.0,0.000927739986285477,0.000927739986285477,0.0007905448781007932,0.0008021447298329155,0.0028038137762074994,0.035143326581469264,0.04419688460162373,0.04315854946586851,0.04022769698016193,0.04020117998397499,0.04086788362878535,0.03214340412276906,0.03371751439517731,0.03565968494863827,0.03509078671555824,0.03585016384196723,0.03585016384196723,0.03581324264908432,0.038028078774102636,0.038028078774102636,0.038028078774102636,0.036750795403666395,0.1352730974031929,0.1352730974031929,0.1350521790282743,0.13647947512769382,0.179244358481266,0.18428617168624623,0.2654353483422425,0.2654353483422425,0.30026948323609465,0.30135681399451075,0.3344968556121604,0.3344968556121604,0.34218728997167075,0.347382044232102,0.3613471479130394,0.36152218700372996,0.5527280771711934,0.5527280771711934,0.5568386067380182,0.5841025276054348,0.7986351997355229,0.8045166518095785,0.8215521945517653,0.8283698828598205,1.0,,,,,,,,,,,,,,,,,,,,,,,,,,,,,,,,,,,,
1.9.1,0.0009263143883730518,0.0009263143883730518,0.0007891192800204719,0.0008007191317657514,0.002799061805559684,0.03512243125013103,0.044170775206685366,0.04313243888487875,0.04020490655691205,0.0401783895363897,0.0408450937979326,0.032113958475076025,0.03368617086789831,0.03562501989456779,0.03505279739246379,0.03581075123859833,0.03581075123859833,0.03577382999353624,0.03798154884241131,0.03798154884241131,0.03798154884241131,0.03670426324807121,0.13505105558280286,0.13505105558280286,0.1348301304599034,0.13625094027755974,0.17892932039017576,0.18417830016265443,0.2655921054305721,0.2655921054305721,0.3000298466609736,0.3011137800020122,0.33417599906928075,0.33417599906928075,0.34185011334160975,0.34703759269650913,0.3609793330818551,0.36115439892243245,0.5518694633309046,0.5518694633309046,0.5559800717641342,0.5832219190363779,0.7941389773816702,0.7996770722508468,0.8161882768195163,0.8231230976978479,0.9848834543542616,1.0,,,,,,,,,,,,,,,,,,,,,,,,,,,,,,,,,,,
1.10.0,0.0009210369650250693,0.0009210369650250693,0.0007838418560533809,0.0007954417078471618,0.0027814704763925056,0.03504507861572143,0.044074120455896384,0.04303577974961304,0.04012053841869554,0.04009402130820591,0.04076072784981477,0.032004953232087116,0.033570139793333814,0.035496692723895724,0.03491216398145725,0.035664848913055915,0.035664848913055915,0.035627927475331035,0.037809298468670094,0.037809298468670094,0.037809298468670094,0.0365320046657381,0.12578225097494838,0.12578225097494838,0.12563614480272223,0.1271856557104906,0.16468997605407737,0.17056674473049838,0.2537937352448452,0.2537937352448452,0.2819690135817442,0.28310719639183574,0.30714453085566107,0.30714453085566107,0.31126787256997895,0.3165926666419859,0.3404812179585108,0.3406608737782483,0.5160619950250204,0.5160619950250204,0.5189666418199163,0.5452079951893125,0.7281438316163055,0.7335463524309902,0.7571734572789431,0.7636465852223704,0.9359953657089578,0.9436635406698641,1.0,,,,,,,,,,,,,,,,,,,,,,,,,,,,,,,,,,
1.10.1,0.0009209594152433192,0.0009209594152433192,0.0007837643062625617,0.0007953641580570529,0.0027812119783142686,0.035043941945393856,0.04407270014617881,0.04303435937553963,0.040119298657436575,0.04009278154562632,0.040759488120704485,0.0320033514363182,0.033568434754777235,0.03549480699723481,0.03491009741771254,0.0356627049237346,0.0356627049237346,0.03562578348318447,0.03780676729988094,0.03780676729988094,0.03780676729988094,0.03652947337660944,0.12577084278844233,0.12577084278844233,0.12562473640332675,0.1271738934648487,0.1646739196046907,0.1705497149097192,0.2537673475338463,0.2537673475338463,0.28193970217945996,0.2830777077691117,0.3071119010441011,0.3071119010441011,0.31123474036928606,0.3165591634995917,0.3404454781159699,0.3406251364091566,0.5160123851283694,0.5160123851283694,0.5189170275910437,0.5451566994021578,0.7282199490078614,0.7336208396344371,0.7572410134372158,0.7637121973510516,0.9352998356736275,0.9430203191512142,0.9898440115569007,1.0,,,,,,,,,,,,,,,,,,,,,,,,,,,,,,,,,
1.10.2,0.00092115335585138,0.00092115335585138,0.0007839582468933046,0.0007955580986860192,0.002781858444020555,0.03504678459073804,0.044076252131850846,0.043037911522160105,0.04012239911801269,0.04009588200950521,0.04076258850087964,0.03200735729192734,0.03357269880538347,0.03549952292215483,0.03491526558952678,0.03566806672549318,0.03566806672549318,0.03563114529200889,0.03781309738033945,0.03781309738033945,0.03781309738033945,0.03653580375803475,0.12374729710014895,0.12374729710014895,0.12361869824433987,0.12520446769507956,0.16284531686618547,0.168762118122112,0.25218508858615934,0.25218508858615934,0.2804000977521147,0.28154510990568293,0.30565610204917626,0.30565610204917626,0.3097899832899503,0.31240488155358487,0.33636811294114716,0.3365487272004555,0.5125561941208956,0.5125561941208956,0.5154643750158564,0.5418364162103729,0.7244008573176872,0.729857536067088,0.7537024806996746,0.7602373445823944,0.9325810703525678,0.9405100360898636,0.9882145165842711,0.9886836518292345,1.0,,,,,,,,,,,,,,,,,,,,,,,,,,,,,,,,
1.11.0,0.0009228303956877415,0.0009228303956877415,0.0007856352869260165,0.0007972351387033514,0.00278744855089729,0.03507136544870195,0.04410696677047433,0.04306862755308131,0.04014920934605294,0.04012269226611576,0.04078939803342108,0.03204199662567845,0.03360957079240761,0.035540302337340436,0.035824172357278944,0.03656728365753541,0.03656728365753541,0.03652996698650588,0.0396176980317146,0.0396176980317146,0.0396176980317146,0.038304283015627244,0.11113560503683138,0.11113560503683138,0.11108471051797607,0.11197747839294785,0.14207695013367613,0.14784180813275177,0.21966090026843965,0.21966090026843965,0.2381009378275178,0.23902944500632156,0.25740113786117613,0.25740113786117613,0.26160323880263986,0.2656307877032481,0.28981544676568105,0.29000591992637303,0.45895020858526836,0.45895020858526836,0.4656756969827904,0.4861967850211987,0.661336481734255,0.6640809500479515,0.6622512028960847,0.665947190061625,0.8419806988377233,0.8477549363628482,0.882771426375367,0.8828028256989855,0.8857702891629413,1.0,,,,,,,,,,,,,,,,,,,,,,,,,,,,,,,
1.11.1,0.0009251981904445392,0.0009251981904445392,0.0007880030819606965,0.0007996029337162612,0.00279534116325858,0.035106070854958316,0.044150332351880324,0.043111995101927876,0.040187062360104026,0.04016054532053745,0.04082725006472036,0.032090903439217326,0.033661629847091146,0.03559787821320044,0.035891210396924535,0.03663668539790088,0.03663668539790088,0.03659936882174331,0.037945117290734943,0.037945117290734943,0.037945117290734943,0.036667829957080074,0.10959081005828733,0.10959081005828733,0.10955751703145306,0.11049431983195707,0.14082102234616106,0.1465372503905578,0.2187751172864929,0.2187751172864929,0.2373049513507665,0.2384948689099258,0.2569961040432525,0.2569961040432525,0.2612216066561911,0.2652628047999308,0.2895393588967581,0.28973001756476424,0.4614080809158082,0.4614080809158082,0.46813643943568584,0.4886794478393161,0.6560501225799082,0.6588462305417009,0.6571037351811062,0.6608554955558276,0.8401778476785546,0.8459722648584332,0.8811131418632469,0.8811451629796346,0.8841478127041639,0.9545205928499317,1.0,,,,,,,,,,,,,,,,,,,,,,,,,,,,,,
1.11.2,0.0009244053004724444,0.0009244053004724444,0.0007872101918954633,0.0007988100436583253,0.0027926982090492576,0.03509444925887757,0.04413581077800474,0.04309747286900888,0.04017438674460162,0.04014786969151213,0.040814574778408746,0.032074526304867006,0.033644197142059094,0.035578598126214625,0.03586876177733152,0.03661344526204295,0.03661344526204295,0.036576128654096124,0.037919238129223556,0.037919238129223556,0.037919238129223556,0.03664194956107882,0.10949378425835748,0.10949378425835748,0.10946049087342617,0.11039443040052206,0.14068673521337996,0.14639428565601825,0.21854846304424885,0.21854846304424885,0.23705697906684361,0.23824499435830446,0.25671833644273045,0.25671833644273045,0.2609383360820505,0.26497670925285777,0.2892283321233884,0.28941900952790867,0.4609417379591421,0.4609417379591421,0.46766705499868966,0.4881942142608225,0.6554879864422707,0.6582827149025474,0.6565386810333628,0.6602889483480857,0.8397036569732352,0.8455020076749801,0.8806732433044921,0.8807053198608549,0.8837115325294533,0.9542149946414453,0.9665415257589923,1.0,,,,,,,,,,,,,,,,,,,,,,,,,,,,,
1.11.3,0.000924207646668995,0.000924207646668995,0.0007870125380688094,0.0007986123898334894,0.002792039366114961,0.035091552194340014,0.044132190798073,0.04309385272482311,0.040171226930858804,0.04014470987439896,0.04081141504671148,0.032070443765623693,0.033639851466863574,0.03557379192981904,0.03586316571905326,0.03660765189196965,0.03660765189196965,0.03657033527610144,0.03791278689401748,0.03791278689401748,0.03791278689401748,0.03663549801826898,0.10946959711096034,0.10946959711096034,0.10943630363681056,0.11036952937648965,0.140653259007077,0.14635864612981633,0.21849195853913106,0.21849195853913106,0.2369951592299124,0.23818270021486293,0.2566490873081282,0.2566490873081282,0.26086771475257997,0.264905383461917,0.2891507892150978,0.28934147128744664,0.4608254484017052,0.4608254484017052,0.4675500059973525,0.4880732087087189,0.6553477510635279,0.6581421339919955,0.6563977164575716,0.6601476095020201,0.8395732194873098,0.8453728205067272,0.8805533790357508,0.880585470677092,0.8835927249452131,0.9542444074921312,0.9665629537434833,0.9671076608840785,1.0,,,,,,,,,,,,,,,,,,,,,,,,,,,,
1.12.0,0.0008965567697019336,0.0008965567697019336,0.0007593616579083806,0.0007709615099229177,0.0026998701873747,0.0355300471474351,0.04436380741500666,0.04332547987871924,0.04046734847338967,0.04044083173393699,0.041107528872494366,0.03223768309709561,0.03377023639731459,0.036905246191289307,0.03708405644982079,0.037168148566280354,0.037168148566280354,0.03713083272260558,0.038486601472586944,0.038486601472586944,0.038486601472586944,0.037209340165622884,0.09902480217590097,0.09902480217590097,0.09907214090500581,0.10017242663147613,0.1314835373832162,0.13645081701718886,0.2057899873754268,0.2057899873754268,0.22188188119984079,0.22305186320097709,0.2423047757999708,0.2423047757999708,0.24679389088490913,0.2510204579778439,0.27248484448452465,0.27267852937559095,0.34507542050882667,0.34507542050882667,0.3583804448948953,0.380602257108947,0.536657533765381,0.5412068339418478,0.5403246810722044,0.5446656946571599,0.7421121823949619,0.749446943302472,0.8019740105147183,0.8020273892306389,0.8060590996689967,0.8633379592446692,0.8840831696366526,0.8836435363149023,0.8835239571065671,1.0,,,,,,,,,,,,,,,,,,,,,,,,,,,
1.12.1,0.0008965901898552256,0.0008965901898552256,0.0007593950780654691,0.0007709949300797095,0.0026999815874114838,0.03553062604718477,0.04436449738894639,0.043326169884131585,0.04046796065398165,0.040441443915186746,0.041108141037074955,0.03223845132072511,0.033771049109350554,0.03690627028174144,0.03708521407928832,0.03716927280677749,0.03716927280677749,0.03713195696466338,0.038487848060316736,0.038487848060316736,0.038487848060316736,0.03721058681370383,0.09902876505554488,0.09902876505554488,0.09907610376588404,0.10017652147428677,0.13148926267307617,0.13645691004971086,0.20579968985607425,0.20579968985607425,0.22189245570220448,0.2230625188994517,0.2423167554660461,0.2423167554660461,0.24680614606826595,0.25103282316653536,0.27249816590729414,0.27269185003860785,0.34509213600018346,0.34509213600018346,0.3583976207478619,0.38062043102640003,0.5365160267743339,0.5393569977898445,0.5384794402803618,0.5428316142974658,0.7408476006114296,0.7482064570561652,0.8009080476954867,0.8009616919043256,0.8050066357665483,0.8624900665871673,0.8833157489222783,0.8828751157176058,0.8827552493110069,0.9703023638027946,1.0,,,,,,,,,,,,,,,,,,,,,,,,,,
1.12.2,0.0008970252947469173,0.0008970252947469173,0.0007598301830066,0.0007714300350169774,0.0027014319308719284,0.03553816287872397,0.0443734803205992,0.0433351532255789,0.04047593077633009,0.04044941404609982,0.041116110950945375,0.032248453003600866,0.033781629996883555,0.0369196031525128,0.03710028552430008,0.037183909553349374,0.037183909553349374,0.037146593731558354,0.03850407767242255,0.03850407767242255,0.03850407767242255,0.037226817211716924,0.09981549689572304,0.09981549689572304,0.09986283186557829,0.10096481367022507,0.13229497448366073,0.13726661298217024,0.20664345733331643,0.20664345733331643,0.22274370090855633,0.223914500036088,0.24318039890868093,0.24318039890868093,0.24767205026199876,0.25189914903993216,0.27337079213773,0.273564426413695,0.34598351084412415,0.34598351084412415,0.3592899771469645,0.38151627314174735,0.5373976220166449,0.5402376559391958,0.5393612593261204,0.5437123919234397,0.7414235978772677,0.7487777313264887,0.8014383423410619,0.8014919229407872,0.8055329643767535,0.8629495378239719,0.883744202788679,0.8833043284228069,0.8831846681476706,0.9698267844404852,0.9706492940191654,1.0,,,,,,,,,,,,,,,,,,,,,,,,,
1.12.3,0.0008972600776324065,0.0008972600776324065,0.0007600649659187777,0.0007716648179270695,0.002702214537152483,0.03554222975687843,0.044378327514494866,0.0433400006406348,0.040480231458212446,0.04045371473260435,0.04112041152031593,0.032253849916308454,0.033787339448461975,0.03692679757418002,0.03710841808035639,0.03719180754620799,0.03719180754620799,0.03715449173538663,0.03851283517497411,0.03851283517497411,0.03851283517497411,0.03723557513848439,0.09984387719276601,0.09984387719276601,0.09989121202712976,0.10099412068672324,0.13233572886006637,0.13730994919482037,0.2067121255526783,0.2067121255526783,0.22281848730511594,0.22398985613717057,0.24326504357051634,0.24326504357051634,0.24775862753835184,0.251986497334975,0.27346484553174827,0.2736584744239246,0.3461013530740292,0.3461013530740292,0.35941104314782657,0.38164432936010756,0.5375619669768309,0.5404024225462881,0.5395266007418488,0.5438787215050328,0.7416056652544982,0.7489594480885633,0.8016149299136845,0.8016684893055224,0.8057087654297092,0.8631099383937916,0.8838960868530285,0.8834564818939099,0.883336894800633,0.9685532033864531,0.9693963425677785,0.9706437103011177,1.0,,,,,,,,,,,,,,,,,,,,,,,,
1.12.4,0.0008974615970057165,0.0008974615970057165,0.0007602664853150009,0.0007718663373215022,0.0027028862655298623,0.0355457204482518,0.044382487967762486,0.043344161283748656,0.040483922828371176,0.04045740610673079,0.041124102793893835,0.03225848220545085,0.03379223999647782,0.03693297270400709,0.03711539843100753,0.03719858656625354,0.03719858656625354,0.03716127076484956,0.03852035193041602,0.03852035193041602,0.03852035193041602,0.037243092258118435,0.09986823651841263,0.09986823651841263,0.09991557123645058,0.10101927542611892,0.13237070892052366,0.1373471452411045,0.20677106346504656,0.20677106346504656,0.22288267612796261,0.22405453390511873,0.2433376930799404,0.2433376930799404,0.24783293564995817,0.25206146712499583,0.27354556959351617,0.2737391938633035,0.3462024911971335,0.3462024911971335,0.35951494742945095,0.381754231521784,0.5377029970863731,0.5405438141356139,0.5396684854935218,0.5440214535785226,0.7417618597953392,0.749115339503118,0.8017664018039553,0.8018199429938422,0.8058595610562425,0.8632474983529024,0.8840263314412045,0.8835869576741361,0.8834674333820616,0.9675532249710268,0.9684123844623261,0.9696830889063723,0.9706937487345856,1.0,,,,,,,,,,,,,,,,,,,,,,,
2.0.0,0.0009616134316783415,0.0009616134316783415,0.0008244183275650382,0.0008360181789776001,0.002916724697312528,0.03596837511076267,0.04514413622296545,0.04410139988465156,0.041278824443331856,0.04125201630684574,0.041907587526155525,0.03364415369038559,0.03525718987123426,0.03720115927205847,0.03670679063359379,0.03678661596646804,0.03678661596646804,0.03674969603028834,0.039133631010823455,0.039133631010823455,0.039133631010823455,0.03785640129619442,0.10221950397677006,0.10221950397677006,0.10227691581484748,0.10232808522481843,0.13311191078511372,0.1399482500687431,0.22084691574302773,0.22084691574302773,0.233193632878877,0.23478301173144114,0.24987223501371805,0.24987223501371805,0.2524381567196662,0.25707778325016134,0.2708540497432889,0.2708231403035531,0.4346995525173278,0.4346995525173278,0.4425878622519451,0.4694531968911219,0.653820981948445,0.6607390386744327,0.6839221520485645,0.6921866143220359,0.8840613915726683,0.8945715707238843,0.918178422313865,0.9173358471167432,0.9136162166103299,0.8026069731639024,0.8002831079022646,0.7998030352625523,0.7996691870873565,0.7114094532139655,0.7099992055143219,0.7101330856144786,0.7103096641910028,0.7104611622824533,1.0,,,,,,,,,,,,,,,,,,,,,,
2.0.1,0.0009590091008042926,0.0009590091008042926,0.0008218139963723783,0.0008334138478099817,0.0029080436399127334,0.03560164048970393,0.044769559124328395,0.0437312501817427,0.040727576153698285,0.04070105969475312,0.04136774972493277,0.03278925571938117,0.03440499215169411,0.03642001334865021,0.03592402610135109,0.036714619416532146,0.036714619416532146,0.0366776993825823,0.03904863430104857,0.03904863430104857,0.03904863430104857,0.03777140040570909,0.10255049818653128,0.10255049818653128,0.10260286377384595,0.10263793366753679,0.1332776038926619,0.13956866972191892,0.22014113065427826,0.22014113065427826,0.23243752845124066,0.23401906627094463,0.24902683199106443,0.24902683199106443,0.25158026769292935,0.2571398819049954,0.270866920904745,0.2708358277924336,0.43083198525400085,0.43083198525400085,0.4387184632549245,0.4655908260120885,0.6350147547143875,0.6421539268645408,0.6724067302704649,0.6807520197885776,0.8697671411182484,0.8790736532036396,0.9363458705572585,0.9353628963043384,0.9302212836971505,0.8075997599919488,0.8052301628073779,0.8047509318264561,0.8046175113702366,0.7220572346423418,0.7206823906514624,0.7208210613794908,0.7209979399710639,0.7211496925487414,0.9803419902069023,1.0,,,,,,,,,,,,,,,,,,,,,
2.0.2,0.0009590091008042926,0.0009590091008042926,0.0008218139963723783,0.0008334138478099817,0.0029080436399127334,0.03560164048970393,0.044769559124328395,0.0437312501817427,0.040727576153698285,0.04070105969475312,0.04136774972493277,0.03278925571938117,0.03440499215169411,0.03642001334865021,0.034453867373648014,0.0352671847304706,0.0352671847304706,0.03523105573641479,0.03769332598920754,0.03769332598920754,0.03769332598920754,0.03643051363518511,0.10101599022733529,0.10101599022733529,0.10108097758216845,0.10114127134769857,0.13187074690527364,0.1381894051945661,0.21888797912652388,0.21888797912652388,0.23120115572138208,0.23278759993911385,0.2478395727609018,0.2478395727609018,0.25039905351587,0.2559644715461109,0.2697025897886681,0.2696716174284976,0.42978839429526233,0.42978839429526233,0.437679362142724,0.4645825247355683,0.6343508988413653,0.6414991266693387,0.6717868182654212,0.6801421312080105,0.8682475685541847,0.8776251590917101,0.9347180529633664,0.9360815851748411,0.9309746445434602,0.8071523688707266,0.8047775147866737,0.8042982084301554,0.8041647490080774,0.7215248289003656,0.7201483951205794,0.72028679343607,0.7204636442366932,0.7206153731302688,0.9798289741266395,0.9898415494866102,1.0,,,,,,,,,,,,,,,,,,,,
2.0.3,0.0009590091008042926,0.0009590091008042926,0.0008218139963723783,0.0008334138478099817,0.0029080436399127334,0.03560164048970393,0.044769559124328395,0.0437312501817427,0.040727576153698285,0.04070105969475312,0.04136774972493277,0.03278925571938117,0.03440499215169411,0.03642001334865021,0.034453867373648014,0.0352671847304706,0.0352671847304706,0.03523105573641479,0.03769332598920754,0.03769332598920754,0.03769332598920754,0.03643051363518511,0.098867054518982,0.098867054518982,0.09894972311762422,0.0990453530549075,0.12990047050283252,0.13625775515622945,0.2171326604774595,0.2171326604774595,0.2294692971930752,0.2310626108207614,0.24617647676899362,0.24617647676899362,0.24874441925725094,0.2513774959292765,0.2651590342505672,0.265128547898819,0.42571424512480016,0.42571424512480016,0.43362240650571776,0.4606460660982154,0.629394895270142,0.6366083543249894,0.66715281729534,0.6755820433635786,0.8636659855148697,0.873256008210522,0.9294369905032195,0.9308675625829327,0.9377272576874081,0.8112460769447583,0.8089156661871542,0.8084379343509017,0.8083050409972651,0.7265769778947119,0.7252155365408779,0.7253557606643116,0.7255325325428968,0.7256841923991186,0.977107521053125,0.9872276514078189,0.9876208951076195,1.0,,,,,,,,,,,,,,,,,,,
2.1.0,0.0009702540994980744,0.0009702540994980744,0.0008330589964485259,0.0008446588477774416,0.002945526769694091,0.03576645695260548,0.04497549965607458,0.043937200216439425,0.04090733949014527,0.04088082322602474,0.04154750831933659,0.033021511969747785,0.034652217048229426,0.036268069164985164,0.035247366715741,0.03607189186338139,0.03607189186338139,0.03603576390713516,0.03949722131580875,0.03949722131580875,0.03949722131580875,0.040226584891220746,0.08950300758714581,0.08950300758714581,0.08967676554959741,0.0899804557384781,0.11930246541893892,0.12532999947991355,0.19634549146966096,0.19634549146966096,0.2093090859782183,0.2105140063919685,0.22144692103502311,0.22144692103502311,0.223973548605588,0.22749598430325912,0.24280055794007832,0.24277313901099354,0.39848262509052196,0.39848262509052196,0.40657866491918976,0.427761481034682,0.5855478176937031,0.5898631020180369,0.5882637535743859,0.5899973877111747,0.7638932103119763,0.7699075983098789,0.8075051256856465,0.80756239945226,0.8118242866510376,0.8582549451072049,0.8545199076247525,0.8540722709037152,0.8539488544087245,0.752993892443732,0.751696416372004,0.7518410211061337,0.752014853437836,0.752163985291103,0.8869458758101626,0.8910116882609623,0.8910960733808765,0.8982613038819302,1.0,,,,,,,,,,,,,,,,,,
2.1.1,0.0009677814852530499,0.0009677814852530499,0.000830586381898051,0.0008421862332509913,0.0029372847666116475,0.035730216281079794,0.04493021649588329,0.04389191496290319,0.0408678122530058,0.04084129594597254,0.04150798212668087,0.03297044237087186,0.034597856102363045,0.036208770534987306,0.03518394859971617,0.03600600536866535,0.03600600536866535,0.03596987732656545,0.03759422445704771,0.03759422445704771,0.03759422445704771,0.0383558318130486,0.08735189571464659,0.08735189571464659,0.08754340131668906,0.0878768395547466,0.1172285103093632,0.12365131087469258,0.1954743073908717,0.1954743073908717,0.20840414279272645,0.20985955542973542,0.22076102982617804,0.22076102982617804,0.22328010000194165,0.2264201561512136,0.24168697201124817,0.2416596256859025,0.3974967723007324,0.3974967723007324,0.4055883036310988,0.4267144416967141,0.5778904142542042,0.5822475543579753,0.5807559781701488,0.5834100504751645,0.7574556234740819,0.7620007589149109,0.8000876295010523,0.8001469109494374,0.8044937707668239,0.8490562975111274,0.8641176781133985,0.8625206353752954,0.8623990178055919,0.7591574850622487,0.7578833761767427,0.758030649236405,0.7582044461031879,0.7583535454686854,0.8804606255555107,0.8844090848136628,0.8844964559652583,0.891907750415891,0.9505317112914303,1.0,,,,,,,,,,,,,,,,,
2.1.2,0.0009679319691666487,0.0009679319691666487,0.0008307368658302157,0.0008423367171816959,0.002937786376964445,0.03573242189906607,0.044932972443665585,0.04389467103802606,0.04087021789279936,0.0408437015883766,0.04151038770293551,0.03297355048292518,0.03460116452731925,0.03621237946976804,0.03518780824825809,0.03601001524404642,0.03601001524404642,0.03597388720716711,0.037598735174582905,0.037598735174582905,0.037598735174582905,0.038360592914440245,0.08736596841948853,0.08736596841948853,0.08755747378402609,0.08789125995089135,0.11763288123788325,0.12405694417553127,0.1957621965223783,0.1957621965223783,0.2059189672308511,0.20738522837751153,0.21838169827633552,0.21838169827633552,0.22091426905555123,0.22406457854603948,0.23923334079309355,0.23920627272698564,0.3953010944816026,0.3953010944816026,0.4034019608728448,0.42458398695461563,0.5757779194701633,0.5801523234246888,0.5786650998048614,0.5813295692354636,0.7523641793415371,0.7569773402792304,0.7954874026380016,0.795547973733907,0.7999556641299312,0.8434294206959333,0.8576943571062771,0.859423402960348,0.8593009843359619,0.7559844346762752,0.7546999235829452,0.7548461510021354,0.7550201125176406,0.7551693541111724,0.8761926821243594,0.8802441289974955,0.8803334147413335,0.8879123540213694,0.9458401515484586,0.9566951226481457,1.0,,,,,,,,,,,,,,,,
2.1.3,0.0009679319691666487,0.0009679319691666487,0.0008307368658302157,0.0008423367171816959,0.002937786376964445,0.03573242189906607,0.044932972443665585,0.04389467103802606,0.04087021789279936,0.0408437015883766,0.04151038770293551,0.03297355048292518,0.03460116452731925,0.03621237946976804,0.03518780824825809,0.03601001524404642,0.03601001524404642,0.03597388720716711,0.037598735174582905,0.037598735174582905,0.037598735174582905,0.038360592914440245,0.08736596841948853,0.08736596841948853,0.08755747378402609,0.08789125995089135,0.11763288123788325,0.12405694417553127,0.1957621965223783,0.1957621965223783,0.2059189672308511,0.20738522837751153,0.21838169827633552,0.21838169827633552,0.22091426905555123,0.22406457854603948,0.23923334079309355,0.23920627272698564,0.3953010944816026,0.3953010944816026,0.4034019608728448,0.42458398695461563,0.5757779194701633,0.5801523234246888,0.5786650998048614,0.5813295692354636,0.7523641793415371,0.7569773402792304,0.7954874026380016,0.795547973733907,0.7999556641299312,0.8434294206959333,0.8576943571062771,0.859423402960348,0.8593009843359619,0.7559844346762752,0.7546999235829452,0.7548461510021354,0.7550201125176406,0.7551693541111724,0.8761926821243594,0.8802441289974955,0.8803334147413335,0.8879123540213694,0.9458401515484586,0.9566951226481457,0.9630783285475023,1.0,,,,,,,,,,,,,,,
2.1.4,0.0009676812274769781,0.0009676812274769781,0.0008304861241096117,0.0008420859754635247,0.002936950575817905,0.03572874681920846,0.0449283803844575,0.043890078766642936,0.04086620952939432,0.04083969322062194,0.04150637944539924,0.032968371634975215,0.034595651910780796,0.036206366132908153,0.035181377163085406,0.036003333845480254,0.036003333845480254,0.03596720579990253,0.03759121925468945,0.03759121925468945,0.03759121925468945,0.03835265979588787,0.08734251995664276,0.08734251995664276,0.08753402571689844,0.08786723215117816,0.11759911100628609,0.12402024191359709,0.19570105715367872,0.19570105715367872,0.20585399024962966,0.2073196388202357,0.21831068237234233,0.21831068237234233,0.22084219765584054,0.2239915436155561,0.2391560722724258,0.23912900367570658,0.3951795943628746,0.3951795943628746,0.4032789968629429,0.42445560790020903,0.5756210833181927,0.5799946524066337,0.578507076734355,0.5811709846874593,0.7521983765105584,0.7568120126463622,0.7953259632675301,0.7953865555436724,0.7997950035498602,0.8432787419344795,0.8575480081016984,0.8592775359396924,0.8591550586392115,0.7558169336899015,0.7545322601805925,0.7546785305857365,0.7548525432653101,0.7550018287743575,0.8760552426747045,0.8801078766982973,0.8801972099939037,0.8877791791466769,0.9448432973223675,0.9558225992279152,0.9622826343701691,0.9622826343701691,1.0,,,,,,,,,,,,,,
2.2.0,0.0009338745965680557,0.0009338745965680557,0.0007966794891090415,0.0008082793407842771,0.002824262379587569,0.03617645208049476,0.045134233288637984,0.04409594120380388,0.04115091319584979,0.04112439719708222,0.04179107556660434,0.033095484405057246,0.0346777115470878,0.03739974321743919,0.036318482696517454,0.03639930139978957,0.03639930139978957,0.03636317387250782,0.03799243882984369,0.03799243882984369,0.03799243882984369,0.03673688441020852,0.08264866953515419,0.08264866953515419,0.08286810826744474,0.08317873128905946,0.1130690537743766,0.11884723387609471,0.18810695236284197,0.18810695236284197,0.19834882222973044,0.1997450594440048,0.21103276895479808,0.21103276895479808,0.21343531289717405,0.2166989472799366,0.23013916205545673,0.23011262571859312,0.2755218349052013,0.2755218349052013,0.289503242436139,0.3122215803073108,0.46751390476383825,0.4734702986139601,0.4737700117237136,0.47594075399535857,0.6500665204854282,0.6553056079741632,0.6990116336051792,0.6990982058593925,0.7045318471830746,0.732567822424482,0.7457020320224348,0.7451460234527235,0.7450072772509673,0.8209858817324134,0.8153448280531765,0.8155106278328937,0.8127070163047962,0.8094884877581568,0.7639039084294732,0.7759077760956518,0.7760376790608952,0.780717178047258,0.8370301996009636,0.8504495547303993,0.8597068868599025,0.8597068868599025,0.8595636089538629,1.0,,,,,,,,,,,,,
2.2.1,0.0009338745965680557,0.0009338745965680557,0.0007966794891090415,0.0008082793407842771,0.002824262379587569,0.03617645208049476,0.045134233288637984,0.04409594120380388,0.04115091319584979,0.04112439719708222,0.04179107556660434,0.033095484405057246,0.0346777115470878,0.03739974321743919,0.036318482696517454,0.03639930139978957,0.03639930139978957,0.03636317387250782,0.03799243882984369,0.03799243882984369,0.03799243882984369,0.03673688441020852,0.08264866953515419,0.08264866953515419,0.08286810826744474,0.08317873128905946,0.1130690537743766,0.11884723387609471,0.18810695236284197,0.18810695236284197,0.19834882222973044,0.1997450594440048,0.21103276895479808,0.21103276895479808,0.21343531289717405,0.2166989472799366,0.23013916205545673,0.23011262571859312,0.2755218349052013,0.2755218349052013,0.289503242436139,0.3122215803073108,0.46751390476383825,0.47171542141020273,0.47202225674701237,0.47419852559292847,0.64873607384153,0.6539889936110773,0.6978028663663562,0.6978897634013529,0.7033358714162743,0.7314373521408163,0.744601294464455,0.744045081864215,0.743906285359748,0.8154193157232413,0.8179854486575979,0.818151566329195,0.8153736063650551,0.8121840513239112,0.7627982511673208,0.7748400204950509,0.7749702956454346,0.7796633594684014,0.8361386699652101,0.8496066703856293,0.8588964639321431,0.8588964639321431,0.8587529319837679,0.9626518339225062,1.0,,,,,,,,,,,,
2.2.2,0.0009337911003804326,0.0009337911003804326,0.0007965959929115067,0.0008081958445875197,0.0028239840603031564,0.036175005814169686,0.04513250955042678,0.04409421738558352,0.04114938379252994,0.04112286779209129,0.04178954620395602,0.03309356517077368,0.03467568117787623,0.03739726816817522,0.036315868528495054,0.036396770650567845,0.036396770650567845,0.036360643119955474,0.03798960241797065,0.03798960241797065,0.03798960241797065,0.03673404786508568,0.08491805783802898,0.08491805783802898,0.0851171986039219,0.08538707296130459,0.11513276283943032,0.12086645386052455,0.18993016375129804,0.18993016375129804,0.2001466694113683,0.2015351446250822,0.21287268721412136,0.21287268721412136,0.2152645850688949,0.21852011500844726,0.23194236153511472,0.2319155942850375,0.2772578361380246,0.2772578361380246,0.29123047551661785,0.31391136335239744,0.4690338567367567,0.4732251724221263,0.47352412881159694,0.4756948545717595,0.6496942204651986,0.654935573127905,0.6986646516686837,0.6987512422564831,0.7041880233083392,0.7322407212834129,0.7453833544039383,0.7448269461755014,0.7446881002778821,0.8160157038053276,0.81857652622672,0.8223436599942103,0.8196070757137244,0.8164642597319934,0.7625514181509897,0.7745995498626681,0.7747298857437195,0.7794254428945588,0.8359333261668228,0.8494104377785652,0.8587067208867877,0.8587067208867877,0.8585630998254195,0.961783143441156,0.9628440130019156,1.0,,,,,,,,,,,
2.2.3,0.0009337911003804326,0.0009337911003804326,0.0007965959929115067,0.0008081958445875197,0.0028239840603031564,0.036175005814169686,0.04513250955042678,0.04409421738558352,0.04114938379252994,0.04112286779209129,0.04178954620395602,0.03309356517077368,0.03467568117787623,0.03739726816817522,0.036315868528495054,0.036396770650567845,0.036396770650567845,0.036360643119955474,0.03798960241797065,0.03798960241797065,0.03798960241797065,0.03673404786508568,0.08491805783802898,0.08491805783802898,0.0851171986039219,0.08538707296130459,0.11513276283943032,0.12086645386052455,0.18993016375129804,0.18993016375129804,0.2001466694113683,0.2015351446250822,0.21287268721412136,0.21287268721412136,0.2152645850688949,0.21852011500844726,0.23194236153511472,0.2319155942850375,0.2772578361380246,0.2772578361380246,0.29123047551661785,0.31391136335239744,0.4690338567367567,0.4732251724221263,0.47352412881159694,0.4756948545717595,0.6496942204651986,0.654935573127905,0.6986646516686837,0.6987512422564831,0.7041880233083392,0.7322407212834129,0.7453833544039383,0.7448269461755014,0.7446881002778821,0.8130498148332785,0.8156358723900077,0.8194385636154978,0.8225115709408185,0.8194008028181541,0.7625514181509897,0.7745995498626681,0.7747298857437195,0.7794254428945588,0.8359333261668228,0.8494104377785652,0.8587067208867877,0.8587067208867877,0.8585630998254195,0.9605788180585054,0.9616595899143779,0.9654473926122659,1.0,,,,,,,,,,
2.2.4,0.00093496364376496,0.00093496364376496,0.0007977685364353098,0.0008093683881004011,0.0028278925193865397,0.036195315834129445,0.04515671612242446,0.044118425081438935,0.04117086130938024,0.041144345332414387,0.04181102314951571,0.0331205171087715,0.03470419378927228,0.0374320254425594,0.03635257945445238,0.036432310122562,0.036432310122562,0.036396182638742995,0.03802943432228475,0.03802943432228475,0.03802943432228475,0.036773881641562305,0.0850320255279727,0.0850320255279727,0.08523116434899466,0.08550375196501822,0.11529927847496185,0.12104670537265397,0.19022881683115017,0.19022881683115017,0.20046519072161736,0.20185654587522814,0.2132224892261932,0.2132224892261932,0.2156193511208908,0.21887902616832042,0.2323205798785625,0.23229381511213215,0.2777108533360273,0.2777108533360273,0.2917018288493888,0.3144187205395383,0.46973685273742133,0.4739320356927599,0.4742345245725042,0.4764085138793217,0.650536920668102,0.6557795316603209,0.6995202119403924,0.6996067012759434,0.7050431877262329,0.7330891322222821,0.7462259529345812,0.7456703313981571,0.7455316816057229,0.8104488047430609,0.8130611732085231,0.816900073999875,0.8200033823692786,0.8201477063194011,0.7633643665765092,0.7754090868642486,0.7755392181093268,0.7802321126821207,0.836682102223166,0.8501438903703732,0.8594271703081655,0.8594271703081655,0.8592838880057053,0.9594795761220436,0.9605801295748276,0.9644387129524199,0.9655727406614496,1.0,,,,,,,,,
3.0.0,0.0009145314369669532,0.0009145314369669532,0.0007773363272373424,0.0007889361790904667,0.0027597854819921834,0.03584139984080356,0.04473489844526155,0.043696587907635094,0.040796600335476337,0.0407700839512368,0.04143677208835138,0.03265085983014177,0.03242574574804223,0.0355669217222557,0.03445784633936612,0.034580668607573674,0.034580668607573674,0.03454533179928555,0.03504176048021381,0.03504176048021381,0.03504176048021381,0.033822300508240095,0.07519352991102111,0.07519352991102111,0.07545112124774864,0.07614217165720857,0.10463927805921298,0.10926960847228281,0.17082841185666042,0.17082841185666042,0.17936551532700024,0.18005296409244098,0.19252581698248056,0.19252581698248056,0.19490460812148327,0.1981443675370424,0.21136255188841532,0.21133725711975815,0.24207313723183305,0.24207313723183305,0.2569368793949215,0.27959038184532226,0.3842560696636277,0.39045217835301366,0.3904955439480943,0.39302965368009185,0.545746809636141,0.5519041965358029,0.6019550751322962,0.6020653370956767,0.6082376435605628,0.6333236088814521,0.635377369966556,0.634818769973266,0.6346794243823007,0.7063084831061637,0.7067301435414023,0.711887716634555,0.714134490956998,0.7142900580556881,0.6678264334738095,0.6797581954742354,0.6799177156962436,0.680379215233047,0.7400833340381955,0.7422771913968781,0.7473815759462509,0.7473815759462509,0.7472164501303888,0.858797746542064,0.8591529917319524,0.8609567512982768,0.8635850990121184,0.8664293379160545,1.0,,,,,,,,
3.1.0,0.0009129713701356612,0.0009129713701356612,0.0007757762602251592,0.0007873761120924415,0.002754585282675738,0.03581437693392036,0.044702690833778015,0.04366437881512043,0.040768023960063404,0.040741507544879964,0.04140819646612006,0.03261499949833488,0.03238988515343018,0.03552379080489046,0.034412115879147734,0.03453649704506103,0.03453649704506103,0.034501160182794144,0.03499395275773715,0.03499395275773715,0.03499395275773715,0.033774490777361,0.07494821093769174,0.07494821093769174,0.07520580705346319,0.07589325506864934,0.10443590267443165,0.10894030328861538,0.17035464731565172,0.17035464731565172,0.1788690097937889,0.17955402930810574,0.19198444724991218,0.19198444724991218,0.1943565825362257,0.19759078672458813,0.2107830602711113,0.2107577622642548,0.24142253246211234,0.24142253246211234,0.25625880848337107,0.27886224855460545,0.3833298489973672,0.3895159551655318,0.3895538912609377,0.3920824191434851,0.544581796791011,0.5507340407282629,0.6008935534705494,0.6010039257905341,0.6071711718241067,0.6322429060630974,0.6342979025535803,0.6337386614365923,0.6335991560614278,0.7054498899923884,0.7058710884335399,0.711026552002632,0.7132730308621112,0.7134287930748997,0.6667651338462116,0.6786874623906918,0.6788471981815386,0.6793088143618876,0.7389594807988609,0.7411507660646702,0.7462567988053657,0.7462567988053657,0.7460913591390455,0.858042381923712,0.8583979742455252,0.8602034563012312,0.8628348034945995,0.8656831542752503,0.9782310472969625,1.0,,,,,,,
3.1.1,0.0009094233634183335,0.0009094233634183335,0.0007722282530976794,0.0007838281049970555,0.002742758646507219,0.03575291953107277,0.044629441937121934,0.04359112655422169,0.040703033524412915,0.040676517038935545,0.0413432077414561,0.029633123265258163,0.03120131717345645,0.03277519554357172,0.031670901126302824,0.03186687840653555,0.03186687840653555,0.031833918180441914,0.032592032169350006,0.032592032169350006,0.032592032169350006,0.031415959106220755,0.0691014572198801,0.0691014572198801,0.06940736749121443,0.07018335079038777,0.09655775149596807,0.10117267733154157,0.16207117552427203,0.16207117552427203,0.17061656695926075,0.17132209937379736,0.18378077611842733,0.18378077611842733,0.18617218641177047,0.1894197311426573,0.20260759434159914,0.20258307023062908,0.23713640579340492,0.23713640579340492,0.25191945659990683,0.26414812913423363,0.3946452863127673,0.400721277135657,0.40069106983940994,0.40207478645128464,0.5523605699130562,0.5590859266077196,0.6047108248499443,0.6048197860962105,0.6109246949470405,0.6346058592790631,0.6366653379963981,0.6361031543389544,0.6359629133960688,0.7218201224082363,0.7222257540193865,0.7225632228678979,0.724751887471869,0.7249080532678219,0.6729279938600436,0.6846212500501108,0.684778989524859,0.6852338308409145,0.7435211832476014,0.7449852289758723,0.7500901159632607,0.7500901159632607,0.7499243709451368,0.8694036341021545,0.869739519975331,0.8680050275549539,0.8705310374991843,0.8732820065218966,0.9672634424641882,0.9681759814083434,1.0,,,,,,
3.2.0,0.0009081257364282039,0.0009081257364282039,0.0007709306259579745,0.000782530477869052,0.0027384332423938404,0.035730442419577554,0.035514049440116796,0.03484890382732807,0.0321240843862883,0.03210326528038272,0.031315448874162814,0.022107607287241475,0.023732518045182987,0.023965725323896205,0.02291715880326115,0.022845436514687335,0.022845436514687335,0.02282358330212581,0.0246201502049256,0.0246201502049256,0.0246201502049256,0.02411164994201539,0.06261919864703472,0.06261919864703472,0.06299888762835824,0.06391952584569953,0.09074103186630747,0.09549765065160315,0.1569076728334247,0.1569076728334247,0.1657681274658306,0.16649545144226832,0.17946693058037247,0.17946693058037247,0.18187315667664636,0.18595597248897971,0.1991436470587441,0.1991194059976901,0.23367522440210717,0.23367522440210717,0.2484469161933282,0.26068517723900897,0.3907124061661316,0.3968021587735108,0.39678246829595043,0.3981707502272674,0.5459097641548282,0.5526846625980987,0.59829351491924,0.5984040516818727,0.6045494711319037,0.6294732777546104,0.6315319203409727,0.6309706199687711,0.6308306011627179,0.7099202679786935,0.7103344689236316,0.7106723946135614,0.7129081534381878,0.7130645729858491,0.6610444234550384,0.6729935133520395,0.6731545958824009,0.6736184843059342,0.7279820777505686,0.7311858054290342,0.7365143430890791,0.7365143430890791,0.7363477846265147,0.8553671098739015,0.8557242204915771,0.8538821761356749,0.8565680515964303,0.8594723410440755,0.9416753659825938,0.9428855661554517,0.9690572298572712,1.0,,,,,
3.2.1,0.0009078746060769547,0.0009078746060769547,0.0007706794955778048,0.0007822793474911446,0.0027375961449266515,0.035726092411051895,0.03550969939801884,0.03484455368331458,0.03212031946417559,0.03209950035575042,0.031311683855388094,0.022103339245013703,0.023727915449356426,0.023960286000730618,0.022911300973828708,0.022839829698343077,0.022839829698343077,0.02281797648298259,0.02461395793577528,0.02461395793577528,0.02461395793577528,0.024105457596106144,0.0625999952315898,0.0625999952315898,0.06297968467261224,0.06389974038527906,0.09071148185084055,0.0954656262504884,0.15685241456366944,0.15685241456366944,0.16570913695900594,0.16643606317934256,0.17781617124229715,0.17781617124229715,0.1802292834115527,0.18431754666256694,0.19751326403335598,0.19748920644750811,0.2320721684477593,0.2320721684477593,0.2468447554793428,0.25909789279130396,0.38916990873889623,0.3952672506700783,0.3952526372377802,0.39664351344722715,0.544519059708959,0.551304781212427,0.5969804346488821,0.5970912896912738,0.6032450201101863,0.6285808487107221,0.6306383450130565,0.6300775112940129,0.6299376092888357,0.7095955411357175,0.7100098373606808,0.7103479203421352,0.7125844098960518,0.7127409028388402,0.6603524449817666,0.6723107891504352,0.6724720068714127,0.6729362740356619,0.7276699107326619,0.7308742180825403,0.7362044316007788,0.7362044316007788,0.7360377901066432,0.8551128295346211,0.8554701898882123,0.8536268679694385,0.8563146378278862,0.8592210664265696,0.9415048380582113,0.9427167178857433,0.9688981099484261,0.9844115725728664,1.0,,,,
3.3.0,0.0009020298454466085,0.0009020298454466085,0.0007648347342768081,0.0007764345862425939,0.0027181136948116213,0.034295783372867664,0.034086629073806204,0.03344373544905446,0.030945120349347783,0.0309248861135063,0.030159203349700136,0.020333105267082232,0.02019611387390701,0.022329243356587317,0.02127945084211974,0.02037308158454484,0.02037308158454484,0.020353610353362785,0.02240984190363112,0.02240984190363112,0.02240984190363112,0.021944883481976228,0.05884890208487395,0.05884890208487395,0.05926425469250079,0.06024212583143232,0.0878608914615694,0.09304292625692552,0.15491023212372504,0.15491023212372504,0.1602064854055562,0.16094113476871263,0.17234140036457354,0.17234140036457354,0.17475031747939265,0.1788341216975394,0.19196138906720694,0.19193782567027193,0.22395023240061462,0.22395023240061462,0.23863678467105454,0.25085809653938806,0.36338429097170405,0.3666696294391819,0.3644355400182748,0.3658739340910301,0.4977828559722469,0.5048505264523614,0.5497293018759155,0.5498517898894151,0.5546265903374564,0.5810953334718761,0.583379658824215,0.5828342686322318,0.582698234591664,0.6652778938428672,0.6657207245998061,0.6660579251884036,0.6691443138097235,0.6693005828429156,0.6163051213338091,0.6276155008651624,0.6277887344901582,0.6266680840274036,0.68263501981537,0.6866327078871134,0.6924857009012924,0.6924857009012924,0.6923173084229022,0.8081617820962016,0.8085829006106596,0.8064175658250761,0.8101097761866329,0.8134621294841963,0.8729534487423558,0.8750360916550927,0.9184467562084695,0.9372092702863303,0.9379982929703962,1.0,,,
3.3.1,0.0009020298454466085,0.0009020298454466085,0.0007648347342768081,0.0007764345862425939,0.0027181136948116213,0.034295783372867664,0.034086629073806204,0.03344373544905446,0.030945120349347783,0.0309248861135063,0.030159203349700136,0.020333105267082232,0.02019611387390701,0.022329243356587317,0.02127945084211974,0.02037308158454484,0.02037308158454484,0.020353610353362785,0.02240984190363112,0.02240984190363112,0.02240984190363112,0.021944883481976228,0.05884890208487395,0.05884890208487395,0.05926425469250079,0.06024212583143232,0.0878608914615694,0.09304292625692552,0.15491023212372504,0.15491023212372504,0.1602064854055562,0.16094113476871263,0.17234140036457354,0.17234140036457354,0.17475031747939265,0.1788341216975394,0.19196138906720694,0.19193782567027193,0.22395023240061462,0.22395023240061462,0.23863678467105454,0.25085809653938806,0.36338429097170405,0.3666696294391819,0.3644355400182748,0.3658739340910301,0.4977828559722469,0.5048505264523614,0.5497293018759155,0.5498517898894151,0.5546265903374564,0.5810953334718761,0.583379658824215,0.5828342686322318,0.582698234591664,0.6652778938428672,0.6657207245998061,0.6660579251884036,0.6691443138097235,0.6693005828429156,0.6163051213338091,0.6276155008651624,0.6277887344901582,0.6266680840274036,0.68263501981537,0.6866327078871134,0.6924857009012924,0.6924857009012924,0.6923173084229022,0.8081617820962016,0.8085829006106596,0.8064175658250761,0.8101097761866329,0.8134621294841963,0.8729534487423558,0.8750360916550927,0.9184467562084695,0.9372092702863303,0.9379982929703962,0.9870597749767137,1.0,,
3.4.0,0.0008940702053074323,0.0008940702053074323,0.0007568750932318495,0.0007684749452684209,0.00269158167452305,0.03416585555007242,0.03395670032254492,0.03331380387956403,0.030833740716481338,0.030813506410981146,0.03004782104479852,0.02020578042389251,0.02006878867821935,0.022164791865497305,0.021101734343454484,0.02021127558249242,0.02021127558249242,0.02019180428738285,0.02361887181743764,0.02361887181743764,0.02361887181743764,0.02311762013651752,0.05974490347299418,0.05974490347299418,0.06014244577918689,0.0610661693423671,0.07891864702588881,0.08415763205071775,0.1459016488295513,0.1459016488295513,0.15119087822137592,0.15168106516310612,0.16325701151477393,0.16325701151477393,0.16566311906263728,0.16974342906188886,0.1827834308467069,0.1827605962358653,0.21441862287323646,0.21441862287323646,0.22853120009339964,0.24068992668927847,0.35224516785935145,0.35363092141765085,0.35141552620268685,0.352851232060513,0.4846195066520537,0.4917094156563582,0.5339510638764998,0.5340765726841138,0.5388758869082872,0.5641043014265925,0.5662300641873067,0.5656867554683461,0.5655512445727053,0.6500970810332852,0.6519479400207817,0.652286800490413,0.6554088164040546,0.6555659009072654,0.6009645566532312,0.6114134856174757,0.6115904264139512,0.6104583973996793,0.6619307698474458,0.6661978623136801,0.6721954293193398,0.6721954293193398,0.6720260356062889,0.7898701300252203,0.7912972664904256,0.7890448382860078,0.792891112905317,0.7963701623433462,0.8560905722863866,0.8582094327139451,0.9003318832897252,0.9165081119185091,0.9171156900991998,0.9742429085596401,0.9742429085596401,1.0,
3.4.1,0.0008936431669722199,0.0008936431669722199,0.0007564480548482871,0.0007680479068886354,0.0026901582194088776,0.034158884841699884,0.03394972956445964,0.03330683297058646,0.030827765134313068,0.030807530825082755,0.030041845319550106,0.020198949373920097,0.02006195760939804,0.02215596894081848,0.021092199740528107,0.020202594591976375,0.020202594591976375,0.020183123293451476,0.023608910897587175,0.023608910897587175,0.023608910897587175,0.023107659099951543,0.059712950475895483,0.059712950475895483,0.06011049354606522,0.061033226042716826,0.07887399626183765,0.0841081953002844,0.14581247977798076,0.14581247977798076,0.15109747905577636,0.15158697985917177,0.1631528795892318,0.1631528795892318,0.16555710035231302,0.16963583365282286,0.18266841596651498,0.18264558085922672,0.2142818986681093,0.2142818986681093,0.22838648962948407,0.24053688169263682,0.3520274461374494,0.3534127146343604,0.35119700341086846,0.35263150163858226,0.4843349794667281,0.4914223039887877,0.533646115664514,0.5337716530517628,0.5385694429172699,0.5637908976335392,0.5659170347418325,0.5653735844349005,0.5652380382558485,0.6497605408331563,0.6516111668646618,0.6519501567336294,0.6550720843876956,0.6552292296507055,0.6006539787225142,0.6110993174378223,0.6112763125034061,0.6101446010211942,0.6616131324325838,0.6658788081291147,0.6718758555639378,0.6718758555639378,0.6717063955111463,0.7895508199030967,0.790978317266271,0.7887253465964044,0.7925726939042528,0.7960529942552858,0.8557941353648774,0.8579140238188057,0.9000679956904687,0.916260691776241,0.9168689643233549,0.974093703862994,0.974093703862994,0.9887584246458457,1.0
